78509,4DADD5D9-992E-4CEB-A72D-A77A3B0385B4,2015-10-06 07:58:39.75-05,AAAAAAHZgcI=,F2015-111,Historical Landmark Designation(s),Historical landmark designation for 1927 W Evergreen Ave (Wicker Park District) - Denial of Permit App No. 100584889 ,2015-09-23 19:00:00-05,2015-09-23 19:00:00-05,2015-09-23 19:00:00-05,,"","","",1,"","","","","",,,Yes,No,"","","","","","","","",,,,,,,,,,,138,74,69,,
78201,5EF5D046-84E2-4243-9537-0106FFF4E922,2015-10-05 12:00:55.043-05,AAAAAAHZVCs=,F2015-106,"","Application request by City of Chicago regarding Passenger Facility Charge (PFC) program at Chicago O'Hare International Airport for Gary Master Plan Update and Apron Rehab Project at Gary/Chicago International (Gary) (July 22, 2015)",2015-09-23 19:00:00-05,2015-09-23 19:00:00-05,2015-09-23 19:00:00-05,,"","","",1,"","","","","",,,No,No,"","","","","","","","",,,,,,,,,,,138,74,69,,
78190,8E42DFEA-2F9B-4470-9996-1D03C687C77F,2015-10-05 10:59:11.237-05,AAAAAAHZVA0=,F2015-105,"",City Comptroller's - Concerning The City of Chicago Employee Wellness Program ,2015-09-23 19:00:00-05,2015-09-23 19:00:00-05,2015-09-23 19:00:00-05,,"","","",1,"","","","","",,,No,No,"","","","","","","","",,,,,,,,,,,138,74,69,,
72965,62D24B0B-0B4E-4F42-B6F8-B0242A9F9DEF,2015-09-30 16:30:41.91-05,AAAAAAHXYec=,F2015-20,"","Application by Comcast of Chicago, Inc. filed with Illinois Commerce Commission for State-issued authorization to provide cable service  ",2015-04-14 19:00:00-05,2015-04-14 19:00:00-05,2015-04-14 19:00:00-05,,"","","",1,"","","","","",,,No,No,"","","","","","","","",,,,,,,,,,,138,74,69,,
78582,E4DC322F-2881-4B86-A43E-545636B71DBF,2015-09-30 16:19:39.813-05,AAAAAAHXYRI=,F2015-113,"",Estimated 2015 amended and 2016-2018 Aggregate Property Tax Levies,2015-09-21 19:00:00-05,2015-09-21 19:00:00-05,2015-09-21 19:00:00-05,,"","","",1,"","","","","",,,No,No,"","","","","","","","",,,,,,,,,,,138,74,69,,
78543,83B5DBF5-E44D-4193-9CFE-07DCAAF7ADAE,2015-09-30 16:19:15.653-05,AAAAAAHXYQE=,F2015-112,"","Call for Special City Council Meeting on September 22, 2015 regarding Year 2015 Executive Budget; Mayor's Budget Message; Year XLII (42) CDBG recommendations; publication of Executive Budget and date, time and place of public hearing on Executive Budget   ",2015-09-21 19:00:00-05,2015-09-21 19:00:00-05,2015-09-21 19:00:00-05,,"","","",1,Mayor,"","","","",,,No,No,"","","","","","","","",,,,,,,,,,,138,74,69,,
66946,8FE79C06-7419-413A-80C5-6B9A87E1E936,2015-09-21 14:20:50.967-05,AAAAAAHTGWk=,F2014-93,"","Call for Special City Council Meeting on October 15, 2014 regarding Year 2015 Executive Budget; Mayor's Budget Message; Year XLI (41) CDBG recommendations; publication of Executive Budget and date, time and place of public hearing on Executive Budget   ",2014-10-14 19:00:00-05,2014-10-14 19:00:00-05,2014-10-14 19:00:00-05,,"","","",1,Mayor,"","","","",,,No,No,"","","","","","","","",,,,,,,,,,,138,74,69,,
45199,A4A30F9B-14F8-4618-94EF-0E30C61789B3,2015-09-04 14:15:44.59-05,AAAAAAHQb58=,F2013-62,"","Amendment to June 26, 2013 Proposed Building Energy Use Benchmarking Ordinance (Chapter 18-14) submitted by East Point Condo Assn. ",2013-09-10 19:00:00-05,2013-09-10 19:00:00-05,2013-09-10 19:00:00-05,,"","","",1,"","","","","",,,No,No,"","","","","","","","",,,,,,,,,,,138,74,69,,
65926,5E4D021F-E4A5-450B-AD8C-9F8810A4377C,2015-09-04 14:09:17.76-05,AAAAAAHQb28=,F2014-89,"",Letter of support from Chuck Williams for reparations to victims and family members of torture by Chicago Police Department,2014-10-07 19:00:00-05,2014-10-07 19:00:00-05,2014-10-07 19:00:00-05,,"","","",1,"","","","","",,,No,No,"","","","","","","","",,,,,,,,,,,138,74,69,,
71351,56688986-B6AA-4899-A08E-3F5E78CFDB09,2015-09-01 14:26:02.967-05,AAAAAAHYhoQ=,F2015-11,"",Letter of support for reparations to victims and family members of torture by Chicago Police Department,2015-03-17 19:00:00-05,2015-03-17 19:00:00-05,2015-03-17 19:00:00-05,,"","","",1,Misc.,"","","","",,,No,No,"","","","","","","","",,,,,,,,,,,138,74,69,,
67128,26A71D8A-6861-496E-9A2E-478AE6D2C38E,2015-09-01 14:25:36.873-05,AAAAAAHQSHQ=,F2014-96,"",Letter of support from Priscilla Gilman for reparations to victims and family members of torture by Chicago Police Department,2014-11-04 18:00:00-06,2014-11-04 18:00:00-06,2014-11-04 18:00:00-06,,"","","",1,"","","","","",,,No,No,"","","","","","","","",,,,,,,,,,,138,74,69,,
65927,FE53D142-7367-432A-9647-61C037BC02B7,2015-09-01 14:24:47.9-05,AAAAAAHQSG4=,F2014-90,"",Letter of support from Barbara Wise for reparations to victims and family members of torture by Chicago Police Department,2014-10-07 19:00:00-05,2014-10-07 19:00:00-05,2014-10-07 19:00:00-05,,"","","",1,"","","","","",,,No,No,"","","","","","","","",,,,,,,,,,,138,74,69,,
65925,927E4E08-FF39-4A7B-B62E-03D6363DF55E,2015-09-01 14:23:52.03-05,AAAAAAHQSGI=,F2014-88,"",Letter of support from Denice Traina for reparations to victims and family members of torture by Chicago Police Department,2014-10-07 19:00:00-05,2014-10-07 19:00:00-05,2014-10-07 19:00:00-05,,"","","",1,"","","","","",,,No,No,"","","","","","","","",,,,,,,,,,,138,74,69,,
65924,03516E84-08A4-48D7-9A62-AA64D8765CD6,2015-09-01 14:23:25.723-05,AAAAAAHQSFw=,F2014-87,"",Letter of support from Marsha Shlaer for reparations to victims and family members of torture by Chicago Police Department,2014-10-07 19:00:00-05,2014-10-07 19:00:00-05,2014-10-07 19:00:00-05,,"","","",1,"","","","","",,,No,No,"","","","","","","","",,,,,,,,,,,138,74,69,,
65923,53988EF1-0420-4CF7-847D-EBD2EBA21527,2015-09-01 14:22:47.803-05,AAAAAAHQSFY=,F2014-86,"",Letter of support from Susan Salisbury for reparations to victims and family members of torture by Chicago Police Department,2014-10-07 19:00:00-05,2014-10-07 19:00:00-05,2014-10-07 19:00:00-05,,"","","",1,"","","","","",,,No,No,"","","","","","","","",,,,,,,,,,,138,74,69,,
65922,2E67B6CB-F94D-4198-BC1C-DFEBE9F2CC3A,2015-09-01 14:22:25.133-05,AAAAAAHQSFA=,F2014-85,"",Letter of support from Dan King for reparations to victims and family members of torture by Chicago Police Department,2014-10-07 19:00:00-05,2014-10-07 19:00:00-05,2014-10-07 19:00:00-05,,"","","",1,"","","","","",,,No,No,"","","","","","","","",,,,,,,,,,,138,74,69,,
65921,8AE22837-3AF6-4D97-B9E4-CCEEA5830B94,2015-09-01 14:21:51.183-05,AAAAAAHQSEo=,F2014-84,"",Letter of support from Anibal Ibarra for reparations to victims and family members of torture by Chicago Police Department,2014-10-07 19:00:00-05,2014-10-07 19:00:00-05,2014-10-07 19:00:00-05,,"","","",1,"","","","","",,,No,No,"","","","","","","","",,,,,,,,,,,138,74,69,,
65920,DF48B381-22E7-4B28-AB89-CEEFE4A33BDF,2015-09-01 14:21:21.88-05,AAAAAAHQSEQ=,F2014-83,"",Letter of support from Leanne Garcia for reparations to victims and family members of torture by Chicago Police Department,2014-10-07 19:00:00-05,2014-10-07 19:00:00-05,2014-10-07 19:00:00-05,,"","","",1,"","","","","",,,No,No,"","","","","","","","",,,,,,,,,,,138,74,69,,
65919,9CA8B612-BEBC-4E86-8BC0-E5EC90DA4854,2015-09-01 14:17:38.507-05,AAAAAAHQSCM=,F2014-82,"",Letter of support from Nina Benedetto for reparations to victims and family members of torture by Chicago Police Department,2014-10-07 19:00:00-05,2014-10-07 19:00:00-05,2014-10-07 19:00:00-05,,"","","",1,"","","","","",,,No,No,"","","","","","","","",,,,,,,,,,,138,74,69,,
65918,1C6DA7D2-25EB-46DF-BF00-624236CD8FF9,2015-09-01 14:16:52.633-05,AAAAAAHQSBw=,F2014-81,"","Letter of support from University of Texas, Amnesty International USA for reparations to victims and family members of torture by Chicago Police Department",2014-10-07 19:00:00-05,2014-10-07 19:00:00-05,2014-10-07 19:00:00-05,,"","","",1,"","","","","",,,No,No,"","","","","","","","",,,,,,,,,,,138,74,69,,
64430,280D6A66-F2B0-4F05-A5EC-695B971E9D41,2015-09-01 14:16:00.48-05,AAAAAAHQSBY=,F2014-76,"",Letter of support from Barbara Lewis for reparations to victims and family members of torture by Chicago Police Department,2014-09-09 19:00:00-05,2014-09-09 19:00:00-05,2014-09-09 19:00:00-05,,"","","",1,"","","","","",,,No,No,"","","","","","","","",,,,,,,,,,,138,74,69,,
64429,E4C0612E-2503-450E-9246-DFD466C0396C,2015-09-01 14:14:19-05,AAAAAAHQSBA=,F2014-75,"",Letter of support from William Johnson for reparations to victims and family members of torture by Chicago Police Department,2014-09-09 19:00:00-05,2014-09-09 19:00:00-05,2014-09-09 19:00:00-05,,"","","",1,"","","","","",,,No,No,"","","","","","","","",,,,,,,,,,,138,74,69,,
64428,B714B127-5453-49DA-A1DD-983FFC466E61,2015-09-01 14:13:38.503-05,AAAAAAHQSAo=,F2014-74,"",Letter of support from Marlene Johnson for reparations to victims and family members of torture by Chicago Police Department,2014-09-09 19:00:00-05,2014-09-09 19:00:00-05,2014-09-09 19:00:00-05,,"","","",1,"","","","","",,,No,No,"","","","","","","","",,,,,,,,,,,138,74,69,,
64427,78612D13-C3E3-4174-A1E0-56D812FDA157,2015-09-01 14:13:11.113-05,AAAAAAHQSAQ=,F2014-73,"",Letter of support from Elizabeth Johnson for reparations to victims and family members of torture by Chicago Police Department,2014-09-09 19:00:00-05,2014-09-09 19:00:00-05,2014-09-09 19:00:00-05,,"","","",1,"","","","","",,,No,No,"","","","","","","","",,,,,,,,,,,138,74,69,,
64426,FD12F796-E652-48D4-B67E-72CC0E947E66,2015-09-01 14:12:38.797-05,AAAAAAHQR/0=,F2014-72,"",Letter of support from Shirley Hermitage for reparations to victims and family members of torture by Chicago Police Department,2014-09-09 19:00:00-05,2014-09-09 19:00:00-05,2014-09-09 19:00:00-05,,"","","",1,"","","","","",,,No,No,"","","","","","","","",,,,,,,,,,,138,74,69,,
64425,9EBBF2EB-DFC6-4865-A81D-D1E41171B486,2015-09-01 14:12:11.09-05,AAAAAAHQR+s=,F2014-71,"",Letter of support from Gloria Greenbaum for reparations to victims and family members of torture by Chicago Police Department,2014-09-09 19:00:00-05,2014-09-09 19:00:00-05,2014-09-09 19:00:00-05,,"","","",1,"","","","","",,,No,No,"","","","","","","","",,,,,,,,,,,138,74,69,,
64424,ED5BB274-17ED-40C2-912A-FA4507F78C2E,2015-09-01 14:11:27.417-05,AAAAAAHQR90=,F2014-70,"",Letter of support from Ayman Fadel for reparations to victims and family members of torture by Chicago Police Department,2014-09-09 19:00:00-05,2014-09-09 19:00:00-05,2014-09-09 19:00:00-05,,"","","",1,"","","","","",,,No,No,"","","","","","","","",,,,,,,,,,,138,74,69,,
64423,6EAD794C-17DD-4C65-9205-50E1279C23AA,2015-09-01 14:10:56.043-05,AAAAAAHQR9c=,F2014-69,"",Letter of support from Barbara Blackwell for reparations to victims and family members of torture by Chicago Police Department,2014-09-09 19:00:00-05,2014-09-09 19:00:00-05,2014-09-09 19:00:00-05,,"","","",1,"","","","","",,,No,No,"","","","","","","","",,,,,,,,,,,138,74,69,,
64386,E21344A8-B071-4E61-B65B-1BA016EE4697,2015-09-01 14:07:42.917-05,AAAAAAHQR9E=,F2014-63,"",Letter of support from Local Group 41 of Amnesty International for reparations to victims and family members of torture by Chicago Police Department,2014-09-09 19:00:00-05,2014-09-09 19:00:00-05,2014-09-09 19:00:00-05,,"","","",1,"","","","","",,,No,No,"","","","","","","","",,,,,,,,,,,138,74,69,,
62429,962370FA-B006-4442-A908-2402DCFE1062,2015-09-01 14:07:03.387-05,AAAAAAHQR8U=,F2014-55,"",Letter of support from Mark Wieder for reparations to victims and family members of torture by Chicago Police Department,2014-07-29 19:00:00-05,2014-07-29 19:00:00-05,2014-07-29 19:00:00-05,,"","","",1,"","","","","",,,No,No,"","","","","","","","",,,,,,,,,,,138,74,69,,
76921,7A24AA04-218D-41E0-9E07-B9F475B31907,2015-08-27 11:15:37.493-05,AAAAAAHZIgM=,F2015-100,Bonds & Bond Issues,Notification of sale of City of Chicago General Obligation Bonds Series 2015A and General Obligation Bonds Taxable Series 2015B ,2015-07-28 19:00:00-05,2015-07-28 19:00:00-05,2015-07-28 19:00:00-05,,"","","",1,"","","","","",,,No,No,"","","","","","","","",,,,,,,,,,,138,74,69,,
75145,16A8EAE8-E04F-4DAD-BDEB-76F0F67EA0AF,2015-08-18 16:20:59.103-05,AAAAAAHPbQE=,F2015-30,Bonds & Bond Issues,General Obligation Revolving Line of Credit Closing Certificate First Amendment to Amended and Restated Revolving Credit Agreement ,2015-05-19 19:00:00-05,2015-05-19 19:00:00-05,2015-05-19 19:00:00-05,,"","","{\rtf1\ansi\ansicpg1252\deff0\deflang1033{\fonttbl{\f0\fnil\fcharset0 Arial;}}
\viewkind4\uc1\pard\fs20 Re-scanned with redacted portions coming from Law department\par
}",1,"","","","","",,,No,No,"","","","","","","","",,,,,,,,,,,138,74,69,,
62667,51C00DDB-A8A5-445A-A96E-057247DBB5A2,2015-08-18 16:09:22.033-05,AAAAAAHPbHE=,F2014-58,Bonds & Bond Issues,General Obligation Revolving Line of Credit Closing Certificate Amendment Agreement Closing Certificate ,2014-07-29 19:00:00-05,2014-07-29 19:00:00-05,2014-07-29 19:00:00-05,,"","","{\rtf1\ansi\ansicpg1252\deff0\deflang1033{\fonttbl{\f0\fnil\fcharset0 Arial;}}
\viewkind4\uc1\pard\fs20 Re-scanned with redacted portions coming from Law department\par
}",1,"","","","","",,,No,No,"","","","","","","","",,,,,,,,,,,138,74,69,,
65916,8ED30BD7-F298-4F46-8E72-8E0A2BAF707E,2015-08-18 16:08:39.95-05,AAAAAAHPbB0=,F2014-79,Bonds & Bond Issues,"General Obligation Revolving Line of Credit Closing Certificate, Amended and Restated Revolving Credit Agreement dated as of September 16, 2014 ",2014-10-07 19:00:00-05,2014-10-07 19:00:00-05,2014-10-07 19:00:00-05,,"","","{\rtf1\ansi\ansicpg1252\deff0\deflang1033{\fonttbl{\f0\fnil\fcharset0 Arial;}}
\viewkind4\uc1\pard\fs20 Re-scanned with redacted portions coming from Law department\par
}",1,"","","","","",,,No,No,"","","","","","","","",,,,,,,,,,,138,74,69,,
59168,B54BBD4C-EFA5-4FDA-988C-AED4487CE8E0,2015-08-18 16:06:32.99-05,AAAAAAHPa+Q=,F2014-40,Bonds & Bond Issues,General Obligation Revolving Line of Credit Closing Certificate ,2014-05-27 19:00:00-05,2014-05-27 19:00:00-05,2014-05-27 19:00:00-05,,"","","{\rtf1\ansi\ansicpg1252\deff0\deflang1033{\fonttbl{\f0\fnil\fcharset0 Arial;}}
\viewkind4\uc1\pard\fs20 Re-scanned with redacted portions coming from Law department\par
}",1,"","","","","",,,No,No,"","","","","","","","",,,,,,,,,,,138,74,69,,
57550,88181F7A-D3CE-48E4-AC65-FA114330ABD6,2015-08-18 16:05:42.38-05,AAAAAAHPa5o=,F2014-34,Bonds & Bond Issues,City of Chicago General Obligation Revolving Line of Credit Closing Certificate ,2014-04-29 19:00:00-05,2014-04-29 19:00:00-05,2014-04-29 19:00:00-05,,"","","{\rtf1\ansi\ansicpg1252\deff0\deflang1033{\fonttbl{\f0\fnil\fcharset0 Arial;}}
\viewkind4\uc1\pard\fs20 Re-scanned with redacted portions coming from Law department\par
}",1,"","","","","",,,No,No,"","","","","","","","",,,,,,,,,,,138,74,69,,
52705,7DEFFEC1-B281-4966-9D45-11AD876EA2EB,2015-08-18 16:04:51.137-05,AAAAAAHPazs=,F2014-19,Bonds & Bond Issues,General Obligation Revolving Line of Credit Closing Certificate ,2014-03-04 18:00:00-06,2014-03-04 18:00:00-06,2014-03-04 18:00:00-06,,"","","{\rtf1\ansi\ansicpg1252\deff0\deflang1033{\fonttbl{\f0\fnil\fcharset0 Arial;}}
\viewkind4\uc1\pard\fs20 Re-scanned with redacted portions coming from Law department\par
}",1,"","","","","",,,No,No,"","","","","","","","",,,,,,,,,,,138,74,69,,
5750,EE0F9BAB-F449-49E0-B435-AD8923D1F2C7,2015-08-18 11:25:59.31-05,AAAAAAHPVwY=,F2011-7,Bonds & Bond Issues,"General Obligation Bonds Taxable Project Series, 2010B Build America Bonds Direct Payment",2011-01-12 18:00:00-06,2011-01-12 18:00:00-06,2011-01-12 18:00:00-06,,"","","{\rtf1\ansi\ansicpg1252\deff0\deflang1033{\fonttbl{\f0\fnil\fcharset0 Arial;}}
\viewkind4\uc1\pard\fs20 Signatures redacted except City Clerk's\par
}",1,"","","","","",,,No,No,"","","","","","","","",,,,,,,,,,,138,74,69,,
54942,2DA5F827-5651-485A-BFA7-25E9FEDB2797,2015-08-14 08:17:15.907-05,AAAAAAHPDgg=,F2014-26,Bonds & Bond Issues,"Notification of sale regarding General Obligation Bonds Project and Refunding Bonds Series 2014A and Series 2014B,  associated amendment regarding commercial paper debt and amendment of Municipal Code Section 2-32-031 regarding debt management policies ",2014-04-01 19:00:00-05,2014-04-01 19:00:00-05,2014-04-01 19:00:00-05,,"","","{\rtf1\ansi\ansicpg1252\deff0\deflang1033{\fonttbl{\f0\fnil\fcharset0 Arial;}}
\viewkind4\uc1\pard\fs20 Signatures redacted except City Clerk's\par
}",1,"","","","","",,,No,No,"","","","","","","","",,,,,,,,,,,138,74,69,,
7025,69ECD09F-1FF0-44F9-87D5-C25E362CAE3D,2015-08-14 08:15:47.55-05,AAAAAAHPDfs=,F2011-19,Bonds & Bond Issues,Notification of sale of General Obligation Bonds Taxable Series 2010C-1,2011-02-08 18:00:00-06,2011-02-08 18:00:00-06,2011-02-08 18:00:00-06,,"","","{\rtf1\ansi\ansicpg1252\deff0\deflang1033{\fonttbl{\f0\fnil\fcharset0 Arial;}}
\viewkind4\uc1\pard\fs20 Signatures redacted, except the City Clerk's\par
}",1,"","","","","",,,No,No,"","","","","","","","",,,,,,,,,,,138,74,69,,
67976,E82BC9C6-79CB-4C81-91A4-7E21F7DF2360,2015-08-06 09:37:43.477-05,AAAAAAHNPTo=,F2014-99,"",Notification of sale of Tax Increment Allocation Revenue Refunding Bonds (Pilsen Redevelopment Project) Series 2014A and Series 2014B Bonds) ,2014-11-11 18:00:00-06,2014-11-11 18:00:00-06,2014-11-11 18:00:00-06,,"","","",1,"","","","","",,,No,No,"","","","","","","","",,,,,,,,,,,138,74,69,,
26710,0DA4A27E-0D9E-412B-B443-D0E2B4554EFD,2015-07-23 09:14:18.05-05,AAAAAAHEuV4=,F2012-25,Bonds & Bond Issues,"Notification of sale of City of Chicago, Multi-Family Housing Revenue Bonds Series 2012B and Series 2012B (Hazel Withrop Apartments)",2012-04-17 19:00:00-05,2012-04-17 19:00:00-05,2012-04-17 19:00:00-05,,"","","",1,"","","","","",,,No,No,"","","","","","","","",,,,,,,,,,,138,74,69,,
61009,E48C193A-6151-4ECE-91AB-E261FC5CBD3E,2015-07-21 10:09:14.43-05,AAAAAAHERuY=,F2014-48,"","Designation of Jeremy Fine as proxy for Chief Financial Officer regarding Motor Fuel Tax Revenue Bond, Series 2013",2014-06-24 19:00:00-05,2014-06-24 19:00:00-05,2014-06-24 19:00:00-05,,"","","",1,"","","","","",,,No,No,"","","","","","","","",,,,,,,,,,,138,74,69,,
54838,024B28F7-E6DC-4F64-8905-3EC5509073DA,2015-07-21 09:30:07.327-05,AAAAAAHEQvk=,F2014-24,Taxes/Tax Levies,"Notification and Direction for Abatement of 2013 Levy for the City of Chicago General Obligation Bonds, Taxable Series 2009C Series (Build America Bonds-Direct Payment) and General Obligation Bonds, Taxable Project Series 2009D (Recovery Zone Economic Development Bonds-Direct Payment)",2014-04-01 19:00:00-05,2014-04-01 19:00:00-05,2014-04-01 19:00:00-05,,"","","",1,"","","","","",,,No,No,"","","","","","","","",,,,,,,,,,,138,74,69,,
54835,76805AA2-93C6-435C-B0BC-FC06125F11E0,2015-07-21 09:30:01.51-05,AAAAAAHEQvI=,F2014-23,Taxes/Tax Levies,Notification and Direction for Abatement of 2013 Levy for General Obligation Bonds Taxable Project Series 2010B Build America Bonds- Direct Payment,2014-04-01 19:00:00-05,2014-04-01 19:00:00-05,2014-04-01 19:00:00-05,,"","","",1,"","","","","",,,No,No,"","","","","","","","",,,,,,,,,,,138,74,69,,
7019,A1CF8D3C-6B49-454F-B78E-D9CF4497B2BD,2015-07-21 09:27:05.273-05,AAAAAAHEQo8=,F2011-13,Bonds & Bond Issues,General Obligations Bonds Series 2007H Modern Schools Across Chicago Program,2011-02-08 18:00:00-06,2011-02-08 18:00:00-06,2011-02-08 18:00:00-06,,"","","",1,"","","","","",,,Yes,No,"","","","","","","","",,,,,,,,,,,138,74,69,,
75829,B4CEE4B9-E1A3-4A42-A73F-1A4C44CB528B,2015-07-20 08:34:58.823-05,AAAAAAHEJx0=,F2015-96,"","Notification of sale of Multi-Family Housing Revenue Bonds (Goldblatts Supportive Living Project), Series 2015 ",2015-06-16 19:00:00-05,2015-06-16 19:00:00-05,2015-06-16 19:00:00-05,,"","","",1,"","","","","",,,No,No,"","","","","","","","",,,,,,,,,,,138,74,69,,
50101,F8E99487-C071-4DC7-A946-06D49C0FE5A8,2015-07-15 09:32:05.38-05,AAAAAAHDvmA=,F2014-4,"",City Comptroller's Municipal Depository Compliance Notification for Year 2014,2014-01-14 18:00:00-06,2014-01-14 18:00:00-06,2014-01-14 18:00:00-06,,"","","",1,"","","","","",,,No,No,"","","","","","","","",,,,,,,,,,,138,74,69,,
69292,94E1F253-B0ED-4FCB-859F-DD39126A6D5E,2015-07-15 09:21:43.813-05,AAAAAAHDvZU=,F2015-2,"",2015 Municipal Depository Compliance ,2015-01-20 18:00:00-06,2015-01-20 18:00:00-06,2015-01-20 18:00:00-06,,"","","",1,"","","","","",,,No,No,"","","","","","","","",,,,,,,,,,,138,74,69,,
75828,87B9B4DC-3481-457A-853D-BF6A880C4E35,2015-07-15 09:09:25.157-05,AAAAAAHDvPU=,F2015-95,"","Funding  loan notification and Multi-Family Housing Revenue Note,(2015 Series A) (Jeffery Towers Apartments) ",2015-06-16 19:00:00-05,2015-06-16 19:00:00-05,2015-06-16 19:00:00-05,,"","","",1,"","","","","",,,No,No,"","","","","","","","",,,,,,,,,,,138,74,69,,
75819,E218F006-2F99-4346-9006-89A0301D6596,2015-07-15 09:09:00.56-05,AAAAAAHDvOc=,F2015-92,"","Tax Increment Financing Redevelopment Plan and Project for 119th Street/I-57 Redevelopment Project Area, Amendment No. 1 ",2015-06-16 19:00:00-05,2015-06-16 19:00:00-05,2015-06-16 19:00:00-05,,"","","",1,"","","","","",,,No,No,"","","","","","","","",,,,,,,,,,,138,74,69,,
75815,F65EFB38-9699-4558-B7B6-B94AEE3913B8,2015-07-15 09:08:28.94-05,AAAAAAHYisI=,F2015-89,"","Designation of Carole L. Brown as additional proxy for Mayor of the City of Chicago to any bond, note or other financial instrument",2015-06-16 19:00:00-05,2015-06-16 19:00:00-05,2015-06-16 19:00:00-05,,"","","",1,Misc.,"","","","",,,No,No,"","","","","","","","",,,,,,,,,,,138,74,69,,
5074,CBB47CF8-431E-49B1-B483-A655C0C73D0A,2015-07-08 08:21:03.37-05,AAAAAAHDVoc=,F2010-271,"",Amendment of City Treasurer's Statement of Investment Policy and Guidelines ,2010-12-07 18:00:00-06,2010-12-07 18:00:00-06,2010-12-07 18:00:00-06,,"","","",1,"","","","","",,,No,No,"","","","","","","","",,,,,,,,,,,138,74,69,,
54839,182367C6-510A-4060-8835-9182CFE95648,2015-07-07 15:12:35.433-05,AAAAAAHDU1g=,F2014-25,"",City Treasurer's Statement of Investment Policy and Guidelines ,2014-04-01 19:00:00-05,2014-04-01 19:00:00-05,2014-04-01 19:00:00-05,,"","","",1,"","","","","",,,No,No,"","","","","","","","",,,,,,,,,,,138,74,69,,
35794,2E0FAE0E-BBE1-4EFD-A977-2007707226AF,2015-07-07 15:10:39.907-05,AAAAAAHDUwM=,F2013-3,"",Amendment of City Treasuter's Statement of Investment Policy and Guidelines ,2013-01-16 18:00:00-06,2013-01-16 18:00:00-06,2013-01-16 18:00:00-06,,"","","",1,"","","","","",,,No,No,"","","","","","","","",,,,,,,,,,,138,74,69,,
20159,4D01CBFC-6C22-40F3-BB5D-4FFC1B9F6A28,2015-07-07 15:08:52.607-05,AAAAAAHDUqU=,F2011-352,"",Amendment of City Treasurer's Statement of Investment Policy and Guidelines ,2011-11-01 19:00:00-05,2011-11-01 19:00:00-05,2011-11-01 19:00:00-05,,"","","",1,"","","","","",,,No,No,"","","","","","","","",,,,,,,,,,,138,74,69,,
21343,6B2F06A3-DF46-444A-9325-2F143A35A825,2015-07-07 11:30:49.13-05,AAAAAAHCmoU=,F2011-358,"",Village of Plainfield Letter of Opposition to proposed water rate increase by City of Chicago ,2011-11-15 18:00:00-06,2011-11-15 18:00:00-06,2011-11-15 18:00:00-06,,"","","",1,"","","","","",,,No,No,"","","","","","","","",,,,,,,,,,,138,74,69,,
69298,C4D61EDC-F2DC-4B37-9E05-85445C642311,2015-07-07 11:28:31.853-05,AAAAAAHCmmk=,F2015-7,"","Notice of a prehearing conference concerning Aqua Illinois, Inc. petition for issuance of Certificate of Public Convenience and necessity to operate water distribution system, approval of Asset Purchase Agreement with Village of Norridge, and issuance of order approving rates, accounting entries and depreciation ",2015-01-20 18:00:00-06,2015-01-20 18:00:00-06,2015-01-20 18:00:00-06,,"","","",1,"","","","","",,,No,No,"","","","","","","","",,,,,,,,,,,138,74,69,,
68456,C00E90A1-7275-4BB4-9766-B176C733D63D,2015-06-29 10:45:50.28-05,AAAAAAHAl8s=,F2014-111,"","Letter from members of Chicago City Council to Governor Patrick Quinn, House Speaker Michael Madigan and Senate President John Cullerton expressing support for increase in minimum wage ",2014-12-09 18:00:00-06,2014-12-09 18:00:00-06,2014-12-09 18:00:00-06,,"","","",1,08,"","","","",,,No,No,"","","","","","","","",,,,,,,,,,,138,74,69,,
69296,5BE4F3B2-FA55-436A-A4E5-CB22081A65B0,2015-06-08 12:12:51.63-05,AAAAAAG73i4=,F2015-5,"","Funding  loan notification and Multi-Family Housing Revenue Note (Casa Queretaro Apartments) (Series 2014), loan agreement with Citibank, N.A. and redevelopment agreement with Casa Queretaro LP for construction of multi-family low-income rental housing ",2015-01-20 18:00:00-06,2015-01-20 18:00:00-06,2015-01-20 18:00:00-06,,"","","",1,"","","","","",,,No,No,"","","","","","","","",,,,,,,,,,,138,74,69,,
54310,CE9FB307-CF25-48FC-AAA5-58BF6300173E,2015-06-05 15:34:51.88-05,AAAAAAG7qo0=,F2014-22,"",Conduct of Committee meeting on status report from City Colleges of Chicago Community District No. 508,2014-03-04 18:00:00-06,2014-03-04 18:00:00-06,2014-03-04 18:00:00-06,,"","","{\rtf1\ansi\ansicpg1252\deff0\deflang1033{\fonttbl{\f0\fnil\fcharset0 Arial;}}
\viewkind4\uc1\pard\fs20 No report/document transmitted by the Committee\par
}",1,"","","","","",,,No,No,"","","","","","","","",,,,,,,,,,,138,74,69,,
71360,4F365E6D-42EE-4481-97D9-CF9C99D936ED,2015-06-04 09:52:17.6-05,AAAAAAHYhoY=,F2015-14,"","Historical Preservation Section 106 Compliance FCC Wireless Communications Facilities, Crown Castle Nodes (20 Chicago utility pole sites) ",2015-03-17 19:00:00-05,2015-03-17 19:00:00-05,2015-03-17 19:00:00-05,,"","","",1,Misc.,"","","","",,,No,No,"","","","","","","","",,,,,,,,,,,138,74,69,,
5749,3E78B992-BFE6-446C-BA1A-F2F286D8583B,2015-06-03 15:01:25.18-05,AAAAAAG7B6g=,F2011-6,Proxies,Designation of Jeremy Fine as proxy for Chief Financial Officer ,2011-01-12 18:00:00-06,2011-01-12 18:00:00-06,2011-01-12 18:00:00-06,,"","","",1,"","","","","",,,No,No,"","","","","","","","",,,,,,,,,,,138,74,69,,
75144,1A8B97BB-6DD3-404F-85BE-E792A7508B96,2015-06-03 11:07:48.843-05,AAAAAAG7ckM=,F2015-29,"","Tabulated Statement of Returns and Proclamation of Results for February 24, 2015 Municipal General Election and April 7, 2015 Municipal Runoff and Supplementary Aldermanic Elections ",2015-05-17 19:00:00-05,2015-05-17 19:00:00-05,2015-05-17 19:00:00-05,,"","","",1,"","","","","",,,No,No,"","","","","","","","",,,,,,,,,,,138,74,69,,
75151,7D43E9E3-B3CD-4277-9075-83A68C7F14E8,2015-05-26 14:43:27.72-05,AAAAAAG7clY=,F2015-33,"","Approval of Official Bond for Treasurer Kurt Summers, Jr. ",2015-05-17 19:00:00-05,2015-05-17 19:00:00-05,2015-05-17 19:00:00-05,,"","","",1,"","","","","",,,No,No,"","","","","","","","",,,,,,,,,,,138,74,69,,
75150,91607F12-02E4-4DC4-88C6-B228CA9D9AB6,2015-05-26 14:43:16.013-05,AAAAAAG7ck0=,F2015-32,"",Approval of Official Bond  for City Clerk Susana Angelina Mendoza,2015-05-17 19:00:00-05,2015-05-17 19:00:00-05,2015-05-17 19:00:00-05,,"","","",1,"","","","","",,,No,No,"","","","","","","","",,,,,,,,,,,138,74,69,,
75149,F8C7B658-F92C-4187-A329-CD781AD375CF,2015-05-26 14:43:05.503-05,AAAAAAG6/D8=,F2015-31,"",Approval of Official Bond for Mayor Rahm Emanuel,2015-05-17 19:00:00-05,2015-05-17 19:00:00-05,2015-05-17 19:00:00-05,,"","","",1,"","","","","",,,No,No,"","","","","","","","",,,,,,,,,,,138,74,69,,
13125,22D2F0A4-2F39-4D00-A68D-54256278F64E,2015-05-15 10:48:11.53-05,AAAAAAG4+Y4=,F2011-123,"",Approval of Official Bond for Treasurer Stephanie D. Neely,2011-05-15 19:00:00-05,2011-05-15 19:00:00-05,2011-05-15 19:00:00-05,,"","","",1,"","","","","",,,No,No,"","","","","","","","",,,,,,,,,,,138,74,69,,
13124,A5F7CDF1-0591-4BD4-92F2-2C39FB89E15B,2015-05-15 10:48:02.987-05,AAAAAAG4+Xs=,F2011-122,"",Approval of Official Bond  for City Clerk Susana Angelina Mendoza,2011-05-15 19:00:00-05,2011-05-15 19:00:00-05,2011-05-15 19:00:00-05,,"","","",1,"","","","","",,,No,No,"","","","","","","","",,,,,,,,,,,138,74,69,,
13123,687F456D-1498-44FD-A332-A70C5E81ACDB,2015-05-15 10:47:41.897-05,AAAAAAG4+WA=,F2011-121,"",Approval of Official Bond for Mayor Rahm Emanuel,2011-05-15 19:00:00-05,2011-05-15 19:00:00-05,2011-05-15 19:00:00-05,,"","","",1,"","","","","",,,No,No,"","","","","","","","",,,,,,,,,,,138,74,69,,
74482,46621FF9-0427-4A66-88B2-26E872F0606A,2015-05-14 17:44:06.343-05,AAAAAAG4fg4=,F2015-28,"",Letter of confirmation on filing of 2014 Real Estate Exemption Application on behalf of The University of Chicago  ,2015-05-05 19:00:00-05,2015-05-05 19:00:00-05,2015-05-05 19:00:00-05,,"","","",1,Clerk,"","","","",,,No,No,"","","","","","","","",,,,,,,,,,,138,74,69,,
74423,5E93568B-8916-4819-86D5-E56610FCC855,2015-05-14 16:51:08.78-05,AAAAAAG4fak=,F2015-24,"","Tabulated Statements of Returns and Proclamation of Results of Canvass of Election Returns for February 24, 2015 Municipal General Election and April 7, 2015 Municipal Runoff and Supplementary Aldermanic Elections",2015-05-05 19:00:00-05,2015-05-05 19:00:00-05,2015-05-05 19:00:00-05,,"","","",1,"","","","","",,,No,No,"","","","","","","","",,,,,,,,,,,138,74,69,,
9779,D955E8CF-7836-4387-9704-93FFE074C35F,2015-05-13 15:45:42.403-05,AAAAAAG4Mlw=,F2011-37,"","Results of Local Option Referenda at February 22, 2011 Municipal General Election",2011-04-12 19:00:00-05,2011-04-12 19:00:00-05,2011-04-12 19:00:00-05,,"","","",1,"","","","","",,,No,No,"","","","","","","","",,,,,,,,,,,138,74,69,,
73809,60F0A5BE-7660-4266-881E-515EA9597EBC,2015-05-05 19:04:44.107-05,AAAAAAG1+tQ=,F2015-21,"","Mayoral Proclamation declaring April 15, 2015 as ""Abraham Lincoln Day"" in Chicago ",2015-04-14 19:00:00-05,2015-04-14 19:00:00-05,2015-04-14 19:00:00-05,,"","","",1,Mayor,"","","","",,,No,No,"","","","","","","","",,,,,,,,,,,138,74,69,,
71361,A62F466D-FCD9-4AF3-9419-BBA0D328C252,2015-04-08 08:28:12.503-05,AAAAAAHYhog=,F2015-15,"","Historical Preservation Section 106 Compliance FCC Wireless Communications Facilities, Crown Castle Nodes (13 Chicago utility pole sites) ",2015-03-17 19:00:00-05,2015-03-17 19:00:00-05,2015-03-17 19:00:00-05,,"","","",1,Misc.,"","","","",,,No,No,"","","","","","","","",,,,,,,,,,,138,74,69,,
71413,2D1F20C2-F036-4BAA-9B9C-42890CF38F18,2015-04-06 11:54:31.263-05,AAAAAAGuCKg=,F2015-17,"","Application request by City of Chicago dated March 3, 2015 regarding Passenger Facility Charge program at Chicago O'Hare International Airport for Gary Master Plan Update and Apron Rehab Project at Gary/Chicago International Airport",2015-03-17 19:00:00-05,2015-03-17 19:00:00-05,2015-03-17 19:00:00-05,,"","","",1,"","","","","",,,No,No,"","","","","","","","",,,,,,,,,,,138,74,69,,
64420,827265FC-85B6-4B6A-AEA3-287371550C9A,2015-04-01 08:42:49.23-05,AAAAAAGzx2s=,F2014-66,"","Comcast of South Chicago, Inc. application for State issued authorization to provide cable service ",2014-09-09 19:00:00-05,2014-09-09 19:00:00-05,2014-09-09 19:00:00-05,,"","","",1,Clerk,"","","","",,,No,No,"","","","","","","","",,,,,,,,,,,138,74,69,,
70958,CEA2AEED-05AA-40C6-B0F0-1D2FAB66CB7D,2015-03-16 15:46:41.473-05,AAAAAAGnMxs=,F2015-10,"","Call for Special City Council Meeting on March 10, 2015 to honor life and memory of late Alderman JoAnn Thompson",2015-03-09 19:00:00-05,2015-03-09 19:00:00-05,2015-03-09 19:00:00-05,,"","","",1,Mayor,"","","","",,,No,No,"","","","","","","","",,,,,,,,,,,138,74,69,,
45058,C3361A4D-0032-4D2F-86FC-53356D60FD22,2015-03-02 23:29:20.353-06,AAAAAAGkC4o=,F2013-46,"","Community right to know notice LPC No. 316050005/Cook County former Continental State Cleaners at 3135 N Clybourn Ave, submitted by AJS Group, Inc.",2013-09-10 19:00:00-05,2013-09-10 19:00:00-05,2013-09-10 19:00:00-05,,"","","",1,Clerk,"","","","",,,No,No,"","","","","","","","",,,,,,,,,,,138,74,69,,
69297,4FBFA8D6-8D2F-4C1C-BDEE-66B053115674,2015-02-13 15:10:00.497-06,AAAAAAGj5zE=,F2015-6,"",2014 Special Active Firefighter Member Election Ballots,2015-01-20 18:00:00-06,2015-01-20 18:00:00-06,2015-01-20 18:00:00-06,,"","","",1,"","","","","",,,No,No,"","","","","","","","",,,,,,,,,,,138,74,69,,
68539,A51FEDDB-044B-4E8C-BB63-858C127AC893,2015-02-10 08:45:06.8-06,AAAAAAGiuGg=,F2014-115,"","Letter of appointment for James Capasso, Jr. as Trustee of the Retirement Board of the Laborers' and Retirement Board Employees' Annuity and Benefit Fund of Chicago",2014-12-09 18:00:00-06,2014-12-09 18:00:00-06,2014-12-09 18:00:00-06,,"","","",1,Clerk,"","","","",,,No,No,"","","","","","","","",,,,,,,,,,,138,74,69,,
56874,74ABE6F4-79D5-43CA-89AD-B7DE009A3C6E,2015-02-02 08:36:49.727-06,AAAAAAGgy40=,F2014-30,"",Status report on amendment of Municipal Code Chapter 2-56 to expand powers and duties of Inspector General,2014-04-01 19:00:00-05,2014-04-01 19:00:00-05,2014-04-01 19:00:00-05,,"","","",1,08,"","","","",,,No,No,"","","","","","","","",,,,,,,,,,,138,74,69,,
64421,8383099E-D6D0-41E9-8A3B-3FFDDAA16842,2015-01-27 12:49:49.917-06,AAAAAAGzx34=,F2014-67,"",Comcast of Florida/Georgia/Illinois/Michigan LLC application for State issued authorization to provide cable service ,2014-09-09 19:00:00-05,2014-09-09 19:00:00-05,2014-09-09 19:00:00-05,,"","","",1,Clerk,"","","","",,,No,No,"","","","","","","","",,,,,,,,,,,138,74,69,,
67185,1C9DC627-CB27-433D-8090-61295E1170BF,2015-01-23 11:48:45.097-06,AAAAAAGfa2c=,F2014-97,"",Metra Proposed Program and Budget Book for Year 2015,2014-11-04 18:00:00-06,2014-11-04 18:00:00-06,2014-11-04 18:00:00-06,,"","","",1,"","","","","",,,No,No,"","","","","","","","",,,,,,,,,,,138,74,69,,
64418,68B5A4EF-0F3B-4099-8BCB-CCC2771ABCF9,2015-01-23 11:47:29.737-06,AAAAAAGzx04=,F2014-65,"","Comcast of Illinois III, Inc. application for State issued authorization to provide cable service ",2014-09-09 19:00:00-05,2014-09-09 19:00:00-05,2014-09-09 19:00:00-05,,"","","",1,Clerk,"","","","",,,No,No,"","","","","","","","",,,,,,,,,,,138,74,69,,
68422,ED15F5A2-FD9B-41B2-B656-D6CA17791604,2015-01-23 11:46:18.8-06,AAAAAAG40Ts=,F2014-101,"","Notification of intent by Alderman Nicholas Sposato to vote ""No"" on Municipal Code amendment modifying provisions for redemption of impounded animals (O2014-8810)",2014-12-09 18:00:00-06,2014-12-09 18:00:00-06,2014-12-09 18:00:00-06,,"","","",1,38,"","","","",,,No,No,"","","","","","","","",,,,,,,,,,,138,74,69,,
67205,4A2AB404-70CD-46A5-B1BD-A83F2B90FBEE,2015-01-14 10:15:02.587-06,AAAAAAGdadQ=,F2014-98,"",Retirement Board of the Firemen's Annuity and Benefit Fund of Chicago (2014 Active Firefighter Member Election) ,2014-11-04 18:00:00-06,2014-11-04 18:00:00-06,2014-11-04 18:00:00-06,,"","","",1,"","","","","",,,No,No,"","","","","","","","",,,,,,,,,,,138,74,69,,
68998,6EA999DB-7D9C-4519-ADD7-967752631926,2015-01-13 15:37:55.81-06,AAAAAAGdUyk=,F2014-122,"","Deloitte & Touche LLC, and consortium of minority and women-owned accounting firms to perform City of Chicago audit for fiscal year ending December 31, 2014",2014-12-09 18:00:00-06,2014-12-09 18:00:00-06,2014-12-09 18:00:00-06,,"","","",1,"","","","","",,,No,No,"","","","","","","","",,,,,,,,,,,138,74,69,,
68451,B36A0C67-AF63-4186-B600-3743A959169B,2015-01-13 14:29:49.877-06,AAAAAAGdTsw=,F2014-107,"","O'Hare Modernization Program, Backfill Overtime and Travel for FAA Resources involved in the environmental re-evaluation ",2014-12-09 18:00:00-06,2014-12-09 18:00:00-06,2014-12-09 18:00:00-06,,"","","",1,"","","","","",,,No,No,"","","","","","","","",,,,,,,,,,,138,74,69,,
5580,C2DDFA60-13FE-41E4-9DAD-9A11E499760F,2014-12-26 17:26:00.28-06,AAAAAAGcamU=,F2010-278,"","Deloitte & Touche LLC, and consortium of minority and women-owned accounting firms to perform City of Chicago audit for fiscal year ending December 31, 2010",2010-12-07 18:00:00-06,2010-12-07 18:00:00-06,2010-12-07 18:00:00-06,,"","","",1,14,"","","","",,,No,No,"","","","","","","","",,,,,,,,,,,138,74,69,,
50968,D53DDDDC-2D3C-45CB-947A-2AB5EB050E0E,2014-12-26 17:24:24.303-06,AAAAAAGcaqg=,F2014-9,"","Deloitte & Touche LLC, and consortium of minority and women-owned accounting firms to perform City of Chicago audit for fiscal year ending December 31, 2013",2014-01-14 18:00:00-06,2014-01-14 18:00:00-06,2014-01-14 18:00:00-06,,"","","",1,"","","","","",,,No,No,"","","","","","","","",,,,,,,,,,,138,74,69,,
38200,BC36F4D6-E795-4A0A-B576-ACF9A89F22CE,2014-12-26 17:23:51.39-06,AAAAAAGcao4=,F2013-18,"","Deloitte & Touche LLC, and consortium of minority and women-owned accounting firms to perform City of Chicago audit for fiscal year ending December 31, 2012",2013-02-12 18:00:00-06,2013-02-12 18:00:00-06,2013-02-12 18:00:00-06,,"","","",1,14,"","","","",,,No,No,"","","","","","","","",,,,,,,,,,,138,74,69,,
68450,4F44B76C-5A17-4A5E-885D-16D219EF053E,2014-12-23 12:12:02.263-06,AAAAAAGcP6c=,F2014-106,"","O'Hare Modernization Program, Establishment of Cab Glass Shade System at North ATCT - Phase 1 and Fund Transfer Agreement",2014-12-09 18:00:00-06,2014-12-09 18:00:00-06,2014-12-09 18:00:00-06,,"","","",1,"","","","","",,,No,No,"","","","","","","","",,,,,,,,,,,138,74,69,,
68446,05BA8675-8084-460E-8C2F-E1603766F97A,2014-12-23 12:11:29.203-06,AAAAAAGcP0w=,F2014-102,"","O'Hare Modernization Program, South Airfield Taxiways K and L Project - Phase 2A",2014-12-09 18:00:00-06,2014-12-09 18:00:00-06,2014-12-09 18:00:00-06,,"","","",1,"","","","","",,,No,No,"","","","","","","","",,,,,,,,,,,138,74,69,,
68447,1401FBFA-7BFB-4B39-8633-77F6E6F131DE,2014-12-23 12:11:16.32-06,AAAAAAGdTuE=,F2014-103,"","O'Hare Modernization Program, North Airfield Remote Surface Movement Radar - Design, Construction, Installation, Tune-up, Optimization and Commission ",2014-12-09 18:00:00-06,2014-12-09 18:00:00-06,2014-12-09 18:00:00-06,,"","","",1,"","","","","",,,No,No,"","","","","","","","",,,,,,,,,,,138,74,69,,
68448,E0909B25-752A-4E16-AF3F-1EFB38D3260D,2014-12-23 12:11:03.693-06,AAAAAAGcPzU=,F2014-104,"","O'Hare Modernization Program, Establishment of Equipment Room Safety Catwalk at North ATCT - Phase 1",2014-12-09 18:00:00-06,2014-12-09 18:00:00-06,2014-12-09 18:00:00-06,,"","","",1,"","","","","",,,No,No,"","","","","","","","",,,,,,,,,,,138,74,69,,
68449,FC86879B-10FE-4AD2-B7A6-E9EDCA402EFD,2014-12-23 12:09:43.403-06,AAAAAAGcPzE=,F2014-105,"","O'Hare Modernization Program, Establishment of NAVAID's and LLWAS Relocation for new Runway 10R-28L - Completion Phase 2A",2014-12-09 18:00:00-06,2014-12-09 18:00:00-06,2014-12-09 18:00:00-06,,"","","",1,"","","","","",,,No,No,"","","","","","","","",,,,,,,,,,,138,74,69,,
58752,45D0A3DF-8A1D-4276-B431-307097F35182,2014-12-18 11:36:46.677-06,AAAAAAGb6kY=,F2014-36,"",Letter of support from Amnesty International USA for reparations to victims and family members of torture by Chicago Police Department,2014-05-27 19:00:00-05,2014-05-27 19:00:00-05,2014-05-27 19:00:00-05,,"","","",1,"","","","","",,,No,No,"","","","","","","","",,,,,,,,,,,138,74,69,,
68058,5E56E4AC-D651-4531-9DAF-9822EF7A5379,2014-12-18 11:34:27.987-06,AAAAAAGb6c0=,F2014-100,"",Notification from Continental Furniture c/o Stephen Flesch regarding mass layoff pursuant to provisions of Illinois WARN Act,2014-11-11 18:00:00-06,2014-11-11 18:00:00-06,2014-11-11 18:00:00-06,,"","","",1,"","","","","",,,No,No,"","","","","","","","",,,,,,,,,,,138,74,69,,
5054,390639A0-82E4-4688-A273-13FC458D4E54,2014-12-18 10:51:46.23-06,AAAAAAGb5jA=,F2010-264,City Council - Resignation(s),Resignation of Alderman Toni Preckwinkle (4th Ward),2010-12-07 18:00:00-06,2010-12-07 18:00:00-06,2010-12-07 18:00:00-06,,"","","",1,04,"","","","",,,No,No,"","","","","","","","",,,,,,,,,,,138,74,69,,
22282,E62D1190-75F5-4AD4-878E-D3C3580DFE82,2014-12-11 09:17:03.923-06,AAAAAAGcaoE=,F2011-370,"","Deloitte & Touche LLC, and consortium of minority and women-owned accounting firms to perform City of Chicago audit for year ended December 31, 2011",2011-12-13 18:00:00-06,2011-12-13 18:00:00-06,2011-12-13 18:00:00-06,,"","","",1,14,"","","","",,,No,No,"","","","","","","","",,,,,,,,,,,138,74,69,,
45061,A8C38D45-9359-46F9-8EC3-98B2F71BCA47,2014-12-04 09:31:06.547-06,AAAAAAGZPLM=,F2013-49,Airports,"O'Hare Modernization Program agreement with Federal Aviation Administration for establishment of Remote Transmitter/Receiver Site U, Special Purpose Area and Hazmat Buildings at O'Hare International Airport  ",2013-09-10 19:00:00-05,2013-09-10 19:00:00-05,2013-09-10 19:00:00-05,,"","","",1,"","","","","",,,No,No,"","","","","","","","",,,,,,,,,,,138,74,69,,
68528,17E94EA9-6C19-4DDB-A050-C332127A47DE,2014-12-03 12:53:34.463-06,AAAAAAGko3k=,F2014-112,"","Call for Special City Council Meeting on December 2, 2014, regarding minimum wage",2014-12-01 18:00:00-06,2014-12-01 18:00:00-06,2014-12-01 18:00:00-06,,"","","",1,Mayor,"","","","",,,Yes,No,"","","","","","","","",,,,,,,,,,,138,74,69,,
44084,4FEF5594-4B2E-455D-94F5-1C953B96791C,2014-12-02 09:08:50.067-06,AAAAAAGY0EE=,F2013-39,City Council - Special Meetings,"Call for Special City Council Meeting on July 17, 2013 regarding amendment of Municipal Code concerning assault weapons, and student safety zones",2013-07-16 19:00:00-05,2013-07-16 19:00:00-05,2013-07-16 19:00:00-05,,"","","",1,Mayor,"","","","",,,No,No,"","","","","","","","",,,,,,,,,,,138,74,69,,
7022,2A0F7F8C-1A72-4B06-9FBE-5EE1E913A454,2014-11-28 12:25:45.537-06,AAAAAAGYiic=,F2011-16,"","Mayoral Proclamation of Disaster effective February 1, 2011",2011-02-08 18:00:00-06,2011-02-08 18:00:00-06,2011-02-08 18:00:00-06,,"","","",1,Mayor,"","","","",,,No,No,"","","","","","","","",,,,,,,,,,,138,74,69,,
37602,086DBE62-B508-4B33-AEE9-76D485366A5E,2014-11-21 15:23:59.32-06,AAAAAAGYEdk=,F2013-16,"","Real estate assessment for Xi Lambda Chapter of Alpha Phi Alpha, Inc. (Year 2012)",2013-02-12 18:00:00-06,2013-02-12 18:00:00-06,2013-02-12 18:00:00-06,,"","","",1,"","","","","",,,No,No,"","","","","","","","",,,,,,,,,,,138,74,69,,
48089,EF36D731-BC74-41C1-A135-9ACC63A954AC,2014-11-20 14:46:00.84-06,AAAAAAGX6KA=,F2013-79,Bonds & Bond Issues,"Chicago O'Hare International Airport, General Airport Senior Lien Revenue Refunding Bonds, Series 2013A and Series 2013B and General Airport Senior Lien Revenue Bonds, Series 2013C and Series 2013D (collectively, the ""Bonds"")",2013-11-12 18:00:00-06,2013-11-12 18:00:00-06,2013-11-12 18:00:00-06,,"","","",1,"","","","","",,,No,No,"","","","","","","","",,,,,,,,,,,138,74,69,,
45063,06A5ADC8-7CDF-44C7-90CC-F750A3422C1B,2014-11-20 14:44:52.777-06,AAAAAAGX6Jg=,F2013-51,Airports,O'Hare Modernization Program agreement with Federal Aviation Administration for relocation of low level Windshear Alert System Station at O'Hare International Airport-OMP completion Phase 2A ,2013-09-10 19:00:00-05,2013-09-10 19:00:00-05,2013-09-10 19:00:00-05,,"","","",1,"","","","","",,,No,No,"","","","","","","","",,,,,,,,,,,138,74,69,,
45062,B1308053-889E-4D95-AC8D-7D965B1163C3,2014-11-18 11:25:26.52-06,AAAAAAGW1ww=,F2013-50,Airports,"O'Hare Modernization Program agreement with Federal Aviation Administration for OMP completion Phase 2A Fiber Optic Transmissions System, servicing runway, South ATCT, RTR-U and Associated Facilitites at O'Hare International Airport ",2013-09-10 19:00:00-05,2013-09-10 19:00:00-05,2013-09-10 19:00:00-05,,"","","",1,"","","","","",,,No,No,"","","","","","","","",,,,,,,,,,,138,74,69,,
45060,C26AC57B-E3C8-4C62-B46E-075389EE9AB0,2014-11-18 11:22:24.8-06,AAAAAAGW1tE=,F2013-48,Airports,O'Hare Modernization Program Agreement with Federal Aviation Administration for design review of  NAVAID's for New Runway-OMP completion Phase 2A at O'Hare International Airport ,2013-09-10 19:00:00-05,2013-09-10 19:00:00-05,2013-09-10 19:00:00-05,,"","","",1,"","","","","",,,No,No,"","","","","","","","",,,,,,,,,,,138,74,69,,
42120,89A02EC9-6ED6-4C2F-B1FA-F013A8D19E56,2014-11-18 11:19:17.637-06,AAAAAAGW1qs=,F2013-33,Airports,Federal Aviation Administration approval of application to impose Passenger Facility Charge at Chicago O'Hare International Airport  ,2013-06-04 19:00:00-05,2013-06-04 19:00:00-05,2013-06-04 19:00:00-05,,"","","",1,"","","","","",,,No,No,"","","","","","","","",,,,,,,,,,,138,74,69,,
24215,FBFC3968-417C-4F52-ADAE-C0C8CF476959,2014-11-17 15:11:26.283-06,AAAAAAGWpxE=,F2012-6,Airports,"Second amendment and supplement to project agreement for O'Hare Modernization Program - Chicago, Franklin Park and Bensenville, Illinois",2012-01-17 18:00:00-06,2012-01-17 18:00:00-06,2012-01-17 18:00:00-06,,"","","{\rtf1\ansi\ansicpg1252\deff0\deflang1033{\fonttbl{\f0\fnil\fcharset0 Arial;}}
\viewkind4\uc1\pard\fs20 F2011-373\par
}",1,"","","","","",,,No,No,"","","","","","","","",,,,,,,,,,,138,74,69,,
33303,D27CF171-C8FE-4F68-B90E-F9F8272EFCC6,2014-11-17 13:17:52.46-06,AAAAAAGWokw=,F2012-67,"",City funding requirement for Retirement Board of Policemen's Annuity and Benefit Fund City of Chicago for Year 2013,2012-10-02 19:00:00-05,2012-10-02 19:00:00-05,2012-10-02 19:00:00-05,,"","","",1,"","","","","",,,No,No,"","","","","","","","",,,,,,,,,,,138,74,69,,
41068,99689743-3287-4336-80A0-DDD947A62562,2014-11-17 12:04:17.287-06,AAAAAAGWoDw=,F2013-27,Airports,Utility agreement with Peoples Gas Light and Coke Company regarding O'Hare Modernization Program at Chicago O'Hare International Airport ,2013-05-07 19:00:00-05,2013-05-07 19:00:00-05,2013-05-07 19:00:00-05,,"","","",1,"","","","","",,,No,No,"","","","","","","","",,,,,,,,,,,138,74,69,,
31372,B32E164C-C268-4534-AA69-A3681ED66FBE,2014-11-17 10:06:31.333-06,AAAAAAGWnJQ=,F2012-52,"",Tax levy requirement for Laborers' and Retirement Board Employees' Annuity and Benefit Fund of Chicago for Year 2013,2012-09-11 19:00:00-05,2012-09-11 19:00:00-05,2012-09-11 19:00:00-05,,"","","",1,"","","","","",,,No,No,"","","","","","","","",,,,,,,,,,,138,74,69,,
37577,685C02BD-A9EC-4E40-80C0-E3AA10CD56D5,2014-11-10 11:48:07.2-06,AAAAAAGV6s4=,F2013-15,Bonds & Bond Issues,"Notification of sale of Multi-Family Housing Revenue Bonds (Goldblatts Supportive Living Project), Series 2013",2013-02-12 18:00:00-06,2013-02-12 18:00:00-06,2013-02-12 18:00:00-06,,"","","",1,"","","","","",,,No,No,"","","","","","","","",,,,,,,,,,,138,74,69,,
38665,A98E0512-B7D3-4143-951F-AFE9B7B8AD99,2014-11-10 11:01:46.707-06,AAAAAAGV548=,F2013-20,Bonds & Bond Issues,"Notification of sale of City of Chicago Multi-Family Housing Revenue Bonds, Series 2012 (Shops and Lofts at 47th Project)  ",2013-03-12 19:00:00-05,2013-03-12 19:00:00-05,2013-03-12 19:00:00-05,,"","","",1,"","","","","",,,No,No,"","","","","","","","",,,,,,,,,,,138,74,69,,
34872,FBAAA061-79E2-4E4B-B62E-43C34A2ED34E,2014-10-29 10:20:08.28-05,AAAAAAGVRJM=,F2012-94,"",Metra Revised Proposed Budget and Financial Plan (2013),2012-12-11 18:00:00-06,2012-12-11 18:00:00-06,2012-12-11 18:00:00-06,,"","","",1,"","","","","",,,No,No,"","","","","","","","",,,,,,,,,,,138,74,69,,
33520,C2ECF036-7A39-490E-AE81-935ADDDEEB1F,2014-10-29 09:56:50.227-05,AAAAAAGRRgM=,F2012-81,"",Retirement Board of Firemen's Annuity and Benefit Fund (2012 Active Firefighter Member),2012-10-30 19:00:00-05,2012-10-30 19:00:00-05,2012-10-30 19:00:00-05,,"","","",1,"","","","","",,,No,No,"","","","","","","","",,,,,,,,,,,138,74,69,,
65917,5C96ADFA-4D07-44FC-9251-0EDB1B5D70D1,2014-10-20 14:31:06.14-05,AAAAAAGPsmk=,F2014-80,"","Second Lien Bond Determination Certificate with respect to Second Lien Water Revenue Project Bonds, Series 2014",2014-10-07 19:00:00-05,2014-10-07 19:00:00-05,2014-10-07 19:00:00-05,,"","","",1,"","","","","",,,No,No,"","","","","","","","",,,,,,,,,,,138,74,69,,
65979,52F40236-DFF4-4D1F-82DE-82FEF4C94F71,2014-10-17 13:55:01.587-05,AAAAAAG3tjQ=,F2014-92,"",Office of Inspector General's Audit and Program Review Section Draft 2015 Annual Plan,2014-10-07 19:00:00-05,2014-10-07 19:00:00-05,2014-10-07 19:00:00-05,,"","","",1,"","","","","",,,No,No,"","","","","","","","",,,,,,,,,,,138,74,69,,
65965,FCF6748D-2D1A-4139-B73C-7A8921490F0C,2014-10-17 13:53:49.057-05,AAAAAAGROgc=,F2014-91,"","Second Lien Wastewater Transmission Revenue Bonds, Project and Refuding Series 2014, Determination Certificate ",2014-10-07 19:00:00-05,2014-10-07 19:00:00-05,2014-10-07 19:00:00-05,,"","","",1,"","","","","",,,No,No,"","","","","","","","",,,,,,,,,,,138,74,69,,
61091,CAF8599D-BA9D-4536-AE5A-9D17BBC4EE64,2014-10-16 15:11:48.297-05,AAAAAAGPQFQ=,F2014-51,"","Determination certificate of Chief Financial Officer concerning issuence of Motor Fuel Tax Revenue Refunding Bonds, Series 2013 (Issue of June 2014) ",2014-06-24 19:00:00-05,2014-06-24 19:00:00-05,2014-06-24 19:00:00-05,,"","","",1,"","","","","",,,No,No,"","","","","","","","",,,,,,,,,,,138,74,69,,
61010,6F7A9109-7C2C-4F3A-A19D-76CD39A0EA8A,2014-10-16 15:06:25.97-05,AAAAAAGPP78=,F2014-49,"","Chicago Midway Airport Second Lien Revenue and Revenue Refunding Bonds Series 2014A, 2014B and 2014C",2014-06-24 19:00:00-05,2014-06-24 19:00:00-05,2014-06-24 19:00:00-05,,"","","",1,"","","","","",,,No,No,"","","","","","","","",,,,,,,,,,,138,74,69,,
62431,6368B085-F32C-486E-809D-202828077711,2014-10-16 15:03:24.367-05,AAAAAAGPP0k=,F2014-57,"","City's Funding Loan Notification Agreement with Citibank, N.A. regarding Multi-Family Housing Revene Note, Series 2014A (Parkside of Old Town Phase IIB) and Multi-Family Housing Revenue Note Series 2014B, (Parkside of Old Town Phase IIB)",2014-07-29 19:00:00-05,2014-07-29 19:00:00-05,2014-07-29 19:00:00-05,,"","","",1,"","","","","",,,No,No,"","","","","","","","",,,,,,,,,,,138,74,69,,
62430,A7B5C140-CBB9-4B06-8433-B9D72C392B45,2014-10-16 15:03:14.867-05,AAAAAAGPP0A=,F2014-56,"","Illinois Department of Transportation Office of Budget and Management Circular A-133 Audit of States, Local Governments and Nonprofit Organizations regarding use of federal pass-through funds",2014-07-29 19:00:00-05,2014-07-29 19:00:00-05,2014-07-29 19:00:00-05,,"","","",1,"","","","","",,,No,No,"","","","","","","","",,,,,,,,,,,138,74,69,,
64373,DF103A8B-B3D9-40CA-A882-DB3FA3ED0053,2014-10-16 15:00:30.577-05,AAAAAAGPPn8=,F2014-61,"",Revised Rules and Regulations of Board of Ethics,2014-09-09 19:00:00-05,2014-09-09 19:00:00-05,2014-09-09 19:00:00-05,,"","","",1,"","","","","",,,No,No,"","","","","","","","",,,,,,,,,,,138,74,69,,
34428,D9783268-0C28-4EFA-BAB1-069D6FCF7130,2014-10-14 09:09:25.037-05,AAAAAAGO6Zg=,F2012-84,City Council - Special Meetings,"Call for Special City Council Meeting on November 8, 2012 regarding time change of next regular City Council. meeting",2012-11-07 18:00:00-06,2012-11-07 18:00:00-06,2012-11-07 18:00:00-06,,"","","",1,Mayor,"","","","",,,Yes,No,"","","","","","","","",,,,,,,,,,,138,74,69,,
37576,0DA27A3B-5F87-4A09-9AD0-C0479BBBE88E,2014-10-10 12:12:28.233-05,AAAAAAGYEbU=,F2013-14,"",Property tax exemption application for Ann and Robert H. Lurie Children's Hospital of Chicago (f.k.a) The Children's Memorial Hospital)  (PTAX-300-H) ,2013-02-12 18:00:00-06,2013-02-12 18:00:00-06,2013-02-12 18:00:00-06,,"","","",1,"","","","","",,,No,No,"","","","","","","","",,,,,,,,,,,138,74,69,,
47917,AE0E4EC5-60C0-4CEF-A907-3619788487C4,2014-10-09 15:28:23.51-05,AAAAAAGOaeE=,F2013-75,City Council - Special Meetings,"Call for Special City Council Meeting on October 23, 2013 regarding Year 2014 Executive Budget; Mayor's Budget Message; Year XXXX (XL) CDBG recommendations; publication of Executive Budget and date, time and place of public hearing on Executive Budget   ",2013-10-22 19:00:00-05,2013-10-22 19:00:00-05,2013-10-22 19:00:00-05,,"","","",1,Mayor,"","","","",,,Yes,No,"","","","","","","","",,,,,,,,,,,138,74,69,,
33424,6A53574E-391A-44BC-B8D9-81C7FE6DFD21,2014-10-07 14:42:26.38-05,AAAAAAGMnp8=,F2012-72,Committee/Public Hearing(s),"Committee on Education and Child Development hearing on ""State of Literacy"" in the City of Chicago",2012-10-02 19:00:00-05,2012-10-02 19:00:00-05,2012-10-02 19:00:00-05,,"","","",1,17,"","","","",,,No,No,"","","","","","","","",,,,,,,,,,,138,74,69,,
43384,15DD63A6-230C-4F45-BFD0-D69DD37AFBD5,2014-08-04 15:12:23.197-05,AAAAAAF+oew=,F2013-36,Taxes/Tax Levies,"Determination certificate of Chief Financial Officer concerning City of Chicago Motor Fuel Tax Revenue Bonds, Series 2013 and Motor Fuel Tax Revenue TIFIA Bonds (Chicago Riverwalk Expansion Project: TIFIA 2013-1004)",2013-06-25 19:00:00-05,2013-06-25 19:00:00-05,2013-06-25 19:00:00-05,,"","","",1,"","","","","",,,No,No,"","","","","","","","",,,,,,,,,,,138,74,69,,
34981,3464A553-F506-4DC0-BD6E-5090689C24F4,2014-08-04 15:09:31.577-05,AAAAAAGOrkw=,F2012-97,Bonds & Bond Issues,"Determination certificate of chief financial Officer concerning issuance of Commercial Paper Notes, Series 2002, Program Series C and D",2012-12-11 18:00:00-06,2012-12-11 18:00:00-06,2012-12-11 18:00:00-06,,"","","",1,"","","","","",,,No,No,"","","","","","","","",,,,,,,,,,,138,74,69,,
42329,0CC91AF1-3EAB-4553-A15A-168A4898E049,2014-07-15 12:53:59.453-05,AAAAAAFzakE=,F2013-35,Historical Landmark Designation(s),Denial of demilition permit at 10353 S Seeley Ave by Commission on Chicago Landmarks - Application No. 100471786 ,2013-06-04 19:00:00-05,2013-06-04 19:00:00-05,2013-06-04 19:00:00-05,,"","","",1,"","","","","",,,No,No,"","","","","","","","",,,,,,,,,,,138,74,69,,
5748,558B35FC-D023-4D92-8137-AD222583F866,2014-07-01 10:26:42.993-05,AAAAAAFv57A=,F2011-5,Airports,"Federal Aviation Administration approval of application to impose passenger facility charge at Chicago O'Hare International Airport effective January 1, 2038.",2011-01-12 18:00:00-06,2011-01-12 18:00:00-06,2011-01-12 18:00:00-06,,"","","",1,"","","","","",,,No,No,"","","","","","","","",,,,,,,,,,,138,74,69,,
5747,83D5AA56-BDB4-4EA6-9E58-C8BD772F21C4,2014-07-01 10:26:16.253-05,AAAAAAFv54w=,F2011-4,Airports,"Federal Aviation Administration approval of application to impose passenger facility charge at Chicago O'Hare International Airport effective August 1, 2028",2011-01-12 18:00:00-06,2011-01-12 18:00:00-06,2011-01-12 18:00:00-06,,"","","",1,"","","","","",,,No,No,"","","","","","","","",,,,,,,,,,,138,74,69,,
49500,2EC0A1B7-3945-422E-947A-D512411550D8,2014-06-17 14:38:36.4-05,AAAAAAFhjAQ=,F2013-89,Bonds & Bond Issues,"Chicago Midway Airport Second Lien Revenue Refunding Bonds, Series 2013A, Series 2013B and Series 2013C",2013-12-10 18:00:00-06,2013-12-10 18:00:00-06,2013-12-10 18:00:00-06,,"","","",1,"","","","","",,,No,No,"","","","","","","","",,,,,,,,,,,138,74,69,,
59529,62DF6DBA-61A8-4E89-A5A3-921C101B1447,2014-06-10 12:06:11.293-05,AAAAAAGYAls=,F2014-43,"","Notification of intent by Alderman John Arena to vote ""No"" on Zoning Reclassification No. 17944  ",2014-05-27 19:00:00-05,2014-05-27 19:00:00-05,2014-05-27 19:00:00-05,,"","","{\rtf1\ansi\ansicpg1252\deff0\deflang1033{\fonttbl{\f0\fnil\fcharset0 Arial;}}
\viewkind4\uc1\pard\fs20 (SO2014-836)\par
}",1,45,"","","","",,,No,No,"","","","","","","","",,,,,,,,,,,138,74,69,,
59528,81953163-BBC3-4731-A1E4-F1D9D694FA90,2014-06-10 12:03:56.917-05,AAAAAAFq8TE=,F2014-42,"",Notification of recusal by Alderman Latasha R. Thomas from voting on ordinance amending Municipal Code governing signs (MA-182) (SO2013-2504),2014-05-27 19:00:00-05,2014-05-27 19:00:00-05,2014-05-27 19:00:00-05,,"","","",1,17,"","","","",,,No,No,"","","","","","","","",,,,,,,,,,,138,74,69,,
59527,A3842B2A-BF6B-4210-B8F8-4E7750925FE1,2014-06-10 12:02:19.72-05,AAAAAAFq8Ko=,F2014-41,"",Notification by Alderman Scott Waguespack for removal of his name as sponsor of ordinance amending Municipal Code concerning prohibited activities,2014-05-27 19:00:00-05,2014-05-27 19:00:00-05,2014-05-27 19:00:00-05,,"","","{\rtf1\ansi\ansicpg1252\deff0\deflang1033{\fonttbl{\f0\fnil\fcharset0 Arial;}}
\viewkind4\uc1\pard\fs20 SO2011-870\par
}",1,32,"","","","",,,No,No,"","","","","","","","",,,,,,,,,,,138,74,69,,
5080,4BA98DB1-BBC2-4C59-89EB-43FB3016FDD8,2014-06-03 13:30:17.417-05,AAAAAAGYDjY=,F2010-273,Airports,"First amendment and supplement to project agreement for O'Hare Modernization Program - Chicago, Franklin Park and Bensenville Illinois  concerning Union Pacific Railroad",2010-12-07 18:00:00-06,2010-12-07 18:00:00-06,2010-12-07 18:00:00-06,,"","","",1,"","","","","",,,No,No,"","","","","","","","",,,,,,,,,,,138,74,69,,
13362,590ED9EA-0CC5-4FA3-81D5-274F8F12B5FF,2014-06-03 13:29:25.963-05,AAAAAAFU5+w=,F2011-128,"","Office of Compliance, City of Chicago Identity Protection Policy ",2011-06-07 19:00:00-05,2011-06-07 19:00:00-05,2011-06-07 19:00:00-05,,"","","",1,"","","","","",,,No,No,"","","","","","","","",,,,,,,,,,,138,74,69,,
15076,A0A36AF5-EB4D-4407-A3D3-0775DC190CB5,2014-06-03 13:14:02.823-05,AAAAAAFU5BY=,F2011-328,Bonds & Bond Issues,"Notification of sale of Multi-Family Housing Revenue Note (Park Boulevard Phase 2A Project), Series 2011A and Series 2011B",2011-07-05 19:00:00-05,2011-07-05 19:00:00-05,2011-07-05 19:00:00-05,,"","","",1,"","","","","",,,No,No,"","","","","","","","",,,,,,,,,,,138,74,69,,
16498,E8DC2289-02F3-4D30-A9D9-EDE70A2DAEAB,2014-06-03 13:13:40.437-05,AAAAAAFzWbY=,F2011-335,Airports,Application request regarding Passenger Facility Charge Program at Chicago O'Hare International Airport for development of non-exclusive use gates and related terminal facilities,2011-07-27 19:00:00-05,2011-07-27 19:00:00-05,2011-07-27 19:00:00-05,,"","","",1,"","","","","",,,No,No,"","","","","","","","",,,,,,,,,,,138,74,69,,
19011,CFE8A3F5-08C7-43B5-97B5-C3AEA83E752F,2014-06-03 13:13:10.423-05,AAAAAAFVELk=,F2011-344,Airports,Approval of Federal Aviation Administration Passenger Facility Charge Program at Chicago O'Hare International Airport,2011-10-04 19:00:00-05,2011-10-04 19:00:00-05,2011-10-04 19:00:00-05,,"","","",1,"","","","","",,,No,No,"","","","","","","","",,,,,,,,,,,138,74,69,,
20039,E0F43C3B-A63F-4EAA-8B5B-67A2493FABC8,2014-06-03 13:13:03.963-05,AAAAAAFVE7s=,F2011-348,Airports,O'Hare Modernization Program agreement with Peoples Gas Light and Coke Company ,2011-11-01 19:00:00-05,2011-11-01 19:00:00-05,2011-11-01 19:00:00-05,,"","","",1,"","","","","",,,No,No,"","","","","","","","",,,,,,,,,,,138,74,69,,
21029,992DFF80-4941-42ED-A77D-698EE4248C38,2014-06-03 13:12:44.12-05,AAAAAAFVFog=,F2011-354,Bonds & Bond Issues,Notification of sale of 2011 General Obligation Notes,2011-11-01 19:00:00-05,2011-11-01 19:00:00-05,2011-11-01 19:00:00-05,,"","","",1,"","","","","",,,No,No,"","","","","","","","",,,,,,,,,,,138,74,69,,
9777,C9B53EC2-D844-4DC6-905E-A51CCB2EE937,2014-06-03 13:12:27.09-05,AAAAAAFU5FY=,F2011-36,Bonds & Bond Issues,"Notification of tax abatement regarding General Obligation Bonds, Series 2010B and 2010C-1",2011-04-12 19:00:00-05,2011-04-12 19:00:00-05,2011-04-12 19:00:00-05,,"","","",1,"","","","","",,,No,No,"","","","","","","","",,,,,,,,,,,138,74,69,,
21619,EE29F3A8-F536-4227-8D24-B7CF06A197F6,2014-06-03 13:12:23.493-05,AAAAAAFVF/4=,F2011-362,Bonds & Bond Issues,"Issuance of 2011 Sales Tax Revenue Bonds, Series 2011A and 2011B",2011-12-13 18:00:00-06,2011-12-13 18:00:00-06,2011-12-13 18:00:00-06,,"","","",1,"","","","","",,,No,No,"","","","","","","","",,,,,,,,,,,138,74,69,,
21621,9F892966-0B56-42D2-9AC3-B315D5BBCAA7,2014-06-03 13:12:15.167-05,AAAAAAFVGAE=,F2011-364,Bonds & Bond Issues,General Obligation Bonds Series 2011A and Taxable Project Series 2011B,2011-12-13 18:00:00-06,2011-12-13 18:00:00-06,2011-12-13 18:00:00-06,,"","","",1,"","","","","",,,No,No,"","","","","","","","",,,,,,,,,,,138,74,69,,
21624,940DDF85-8F2C-484D-8D73-F2D49978C395,2014-06-03 13:12:06.977-05,AAAAAAFVGAQ=,F2011-366,Airports,O'Hare Modernization Program agreement with Canadian Pacific  ,2011-12-13 18:00:00-06,2011-12-13 18:00:00-06,2011-12-13 18:00:00-06,,"","","",1,"","","","","",,,No,No,"","","","","","","","",,,,,,,,,,,138,74,69,,
9784,DBC3F0C0-1757-42AA-9A87-B74DF5C3B339,2014-06-03 13:11:51.46-05,AAAAAAGd1D0=,F2011-38,Taxes/Tax Levies,Notification and abatement of certain tax levies for years 2010 to 2038,2011-04-12 19:00:00-05,2011-04-12 19:00:00-05,2011-04-12 19:00:00-05,,"","","",1,"","","","","",,,No,No,"","","","","","","","",,,,,,,,,,,138,74,69,,
9785,C2D16225-2618-4362-B622-252CC960A054,2014-06-03 13:11:47.227-05,AAAAAAGd1FE=,F2011-39,Taxes/Tax Levies,Notification and abatement of certain tax levied for years 2010 to 2050,2011-04-12 19:00:00-05,2011-04-12 19:00:00-05,2011-04-12 19:00:00-05,,"","","",1,"","","","","",,,No,No,"","","","","","","","",,,,,,,,,,,138,74,69,,
12810,113BDEAB-91C0-495A-9ECE-E751C3C33BA2,2014-06-03 13:10:54.527-05,AAAAAAFU5EY=,F2011-58,Bonds & Bond Issues,"Chicago O'Hare International Airport General Airport Third Lien Revenue Bonds, Series 2011A, Series 2011B and Series 2011C",2011-05-17 19:00:00-05,2011-05-15 19:00:00-05,2011-05-15 19:00:00-05,,"","","",1,"","","","","",,,No,No,"","","","","","","","",,,,,,,,,,,138,74,69,,
12811,707B30B0-A275-4D7F-AC72-58C2E8D18C0A,2014-06-03 13:10:49.363-05,AAAAAAGM+Tk=,F2011-59,Bonds & Bond Issues,"Chicago O'Hare International Airport Passenger Facility Charge Revenue Refunding Bonds, Series 2011A and Series 2011B",2011-05-17 19:00:00-05,2011-05-17 19:00:00-05,2011-05-17 19:00:00-05,,"","","",1,"","","","","",,,No,No,"","","","","","","","",,,,,,,,,,,138,74,69,,
5751,85B82186-131B-4B70-81E9-14EE82C51199,2014-06-03 13:10:16.65-05,AAAAAAFU5G4=,F2011-8,Bonds & Bond Issues,"Recovery Zone Facility Revenue Bonds, Series 2010 - Asphalt Operating Services of Chicago Project",2011-01-12 18:00:00-06,2011-01-12 18:00:00-06,2011-01-12 18:00:00-06,,"","","",1,"","","","","",,,No,No,"","","","","","","","",,,,,,,,,,,138,74,69,,
25522,B033F525-646D-4110-8B54-ED73913AF8AF,2014-06-03 13:09:57.82-05,AAAAAAFVIKo=,F2012-12,Bonds & Bond Issues,"Receipts of certificates of filing from Cook County Clerk David D. Orr concerning Sales Tax Revenue Refunding Bonds, Series 2011 of City of Chicago",2012-03-13 19:00:00-05,2012-03-13 19:00:00-05,2012-03-13 19:00:00-05,,"","","",1,"","","","","",,,No,No,"","","","","","","","",,,,,,,,,,,138,74,69,,
25523,7DD7CA62-FAD6-406D-BE78-93778490CB0B,2014-06-03 13:09:53-05,AAAAAAFVIKs=,F2012-13,Bonds & Bond Issues,"Receipts of certificates of filing from DuPage County Clerk Gary A. King concerning Sales Tax Revenue Bonds, Series 2011 of DuPage County",2012-03-13 19:00:00-05,2012-03-13 19:00:00-05,2012-03-13 19:00:00-05,,"","","",1,"","","","","",,,No,No,"","","","","","","","",,,,,,,,,,,138,74,69,,
25525,31B79789-C466-4A40-848C-2CFD719C0353,2014-06-03 13:09:49.863-05,AAAAAAGd1OE=,F2012-15,Taxes/Tax Levies,"Receipts of certificates of filings from Cook County Clerk David D. Orr  concerning notification and abatement of certain taxes levied for years 2011-2038 to pay principal of and interest on City of Chicago General Obligation Bonds, Series 2000C",2012-03-13 19:00:00-05,2012-03-13 19:00:00-05,2012-03-13 19:00:00-05,,"","","",1,"","","","","",,,No,No,"","","","","","","","",,,,,,,,,,,138,74,69,,
25526,0A076D7A-CEC2-4454-BCD4-C41EA030C045,2014-06-03 13:09:46.353-05,AAAAAAFVIK0=,F2012-16,Airports,Agreement with XO Communications for relocation of facilities along Irving Park Road for O'Hare Modernization Program ,2012-03-13 19:00:00-05,2012-03-13 19:00:00-05,2012-03-13 19:00:00-05,,"","","",1,"","","","","",,,No,No,"","","","","","","","",,,,,,,,,,,138,74,69,,
25529,4D0482D5-3343-41C8-A773-682721E6FF00,2014-06-03 13:09:42.56-05,AAAAAAGd1Qg=,F2012-18,Taxes/Tax Levies,"Receipts of certificates of filings from DuPage County Clerk Gary A. King concerning notification and abatement of certain taxes levied for years 2011-2038 to pay principal of and interest on City of Chicago General Obligation Bonds, Series 2000C",2012-03-13 19:00:00-05,2012-03-13 19:00:00-05,2012-03-13 19:00:00-05,,"","","",1,"","","","","",,,No,No,"","","","","","","","",,,,,,,,,,,138,74,69,,
25530,EE93C24E-54FA-481D-AAAA-96A10FE9F8E9,2014-06-03 13:09:38.94-05,AAAAAAGd1S8=,F2012-19,Taxes/Tax Levies,"Receipts of certificates of filings from DuPage County Clerk Gary A. King concerning notification and abatement of certain taxes levied for years 2011-2036 to pay principal of and interest on City of Chicago General Obligation Bonds, Series 2001A",2012-03-13 19:00:00-05,2012-03-13 19:00:00-05,2012-03-13 19:00:00-05,,"","","",1,"","","","","",,,No,No,"","","","","","","","",,,,,,,,,,,138,74,69,,
25531,3429B654-AC0B-4880-AE25-1551494E22F8,2014-06-03 13:09:27.01-05,AAAAAAGd1UM=,F2012-20,Taxes/Tax Levies,"Receipts of certificates of filings from Cook County Clerk David D. Orr concerning notification and abatement of certain taxes levied for years 2011-2036 to pay principal of and interest on City of Chicago General Obligation Bonds, Series 2001A",2012-03-13 19:00:00-05,2012-03-13 19:00:00-05,2012-03-13 19:00:00-05,,"","","",1,"","","","","",,,No,No,"","","","","","","","",,,,,,,,,,,138,74,69,,
26704,17B344D7-8EC3-4F1B-AF52-D9F690640E8B,2014-06-03 13:09:19.11-05,AAAAAAFVJII=,F2012-22,Bonds & Bond Issues,"Receipts of notification and direction concerning City of Chicago General Obligations Bonds, Taxable Project Series 2010B ",2012-04-17 19:00:00-05,2012-04-17 19:00:00-05,2012-04-17 19:00:00-05,,"","","",1,"","","","","",,,No,No,"","","","","","","","",,,,,,,,,,,138,74,69,,
26708,D630151C-7C6D-4140-8B6F-3819D33A6416,2014-06-03 13:09:08.867-05,AAAAAAFVJIY=,F2012-24,Bonds & Bond Issues,"Issuance of City of Chicago General Obligation Bonds, Series 2012 and amendments to Commerical Paper Program",2012-04-17 19:00:00-05,2012-04-17 19:00:00-05,2012-04-17 19:00:00-05,,"","","",1,"","","","","",,,No,No,"","","","","","","","",,,,,,,,,,,138,74,69,,
27045,90D6AA8F-1F44-4DE8-A089-92CEDA7F17A9,2014-06-03 13:08:59.427-05,AAAAAAFVJbI=,F2012-26,Bonds & Bond Issues,"Receipts of certificates of filing from Cook County Clerk David D. Orr  concerning City of Chicago General Obligation Bonds Taxable Project, Series 2009C and Series 2009D ",2012-04-17 19:00:00-05,2012-04-17 19:00:00-05,2012-04-17 19:00:00-05,,"","","",1,"","","","","",,,No,No,"","","","","","","","",,,,,,,,,,,138,74,69,,
27046,4CF6BF30-E781-441A-B735-6D3315BD1C69,2014-06-03 13:08:52.813-05,AAAAAAFVJbM=,F2012-27,Bonds & Bond Issues,"Receipts of certificates of filing from Cook County Clerk David D. Orr concerning City of Chicago General Obligation Bonds, Taxable Project Series 2010B",2012-04-17 19:00:00-05,2012-04-17 19:00:00-05,2012-04-17 19:00:00-05,,"","","",1,"","","","","",,,No,No,"","","","","","","","",,,,,,,,,,,138,74,69,,
27047,CD0C2FA3-A634-49CB-8A50-C4EF8B9A8C57,2014-06-03 13:08:48.867-05,AAAAAAFVJbQ=,F2012-28,Bonds & Bond Issues,"Receipts of certificates of filing from DuPage County Clerk Gary A. King concerning City of Chicago General Obligation Bonds, Taxable Project Series 2010B",2012-04-17 19:00:00-05,2012-04-17 19:00:00-05,2012-04-17 19:00:00-05,,"","","",1,"","","","","",,,No,No,"","","","","","","","",,,,,,,,,,,138,74,69,,
22533,4E25B1AA-DB81-4C0F-8612-7909FACF6DCE,2014-06-03 13:08:39.38-05,AAAAAAFVGnI=,F2012-3,Airports,Chicago Department of Aviation/O'Hare Modernization Program Agreement with Com Ed Utility,2012-01-17 18:00:00-06,2012-01-17 18:00:00-06,2012-01-17 18:00:00-06,,"","","",1,"","","","","",,,No,No,"","","","","","","","",,,,,,,,,,,138,74,69,,
28054,5FE05901-5C82-4127-9386-68F75F33FC35,2014-06-03 13:08:32.61-05,AAAAAAFVKSY=,F2012-30,Agreement(s) - Loan,Notice of restructuring of loan agreement and promissory note with MRL Financing LLC,2012-05-08 19:00:00-05,2012-05-08 19:00:00-05,2012-05-08 19:00:00-05,,"","","",1,"","","","","",,,No,No,"","","","","","","","",,,,,,,,,,,138,74,69,,
28712,337F20EE-00DC-4AA1-A9BA-30742EA8AF07,2014-06-03 13:08:20.677-05,AAAAAAFVKy8=,F2012-33,Bonds & Bond Issues,Notification of sale of Multi-Family Housing Revenue Bonds (Bronzeville Senior Apartments Project) Series 2012 and Multi-Family Housing Revenue Notes (Bronzeville Senior Apartments Project) Series 2012,2012-06-05 19:00:00-05,2012-06-05 19:00:00-05,2012-06-05 19:00:00-05,,"","","",1,"","","","","",,,No,No,"","","","","","","","",,,,,,,,,,,138,74,69,,
28713,265AA593-A4B3-4505-859E-B01B19F4F14A,2014-06-03 13:08:16.89-05,AAAAAAFVKzA=,F2012-34,Bonds & Bond Issues,"Second Lien Water Revenue Bonds, Project Series 2012 ",2012-06-05 19:00:00-05,2012-06-05 19:00:00-05,2012-06-05 19:00:00-05,,"","","",1,"","","","","",,,No,No,"","","","","","","","",,,,,,,,,,,138,74,69,,
28726,60BA644C-75F0-4F49-8885-2EE80064DE40,2014-06-03 13:08:13.127-05,AAAAAAFVKzE=,F2012-35,Bonds & Bond Issues,"Issuance of General Obligation Bonds, Series 2012 and amendments to Commercial Paper Program",2012-06-05 19:00:00-05,2012-06-05 19:00:00-05,2012-06-05 19:00:00-05,,"","","",1,"","","","","",,,No,No,"","","","","","","","",,,,,,,,,,,138,74,69,,
30342,293B2B03-D1A6-4659-BF7B-B245D7B282D4,2014-06-03 13:07:51.123-05,AAAAAAFVMK0=,F2012-43,Airports,Standard Parking Corporation transition of ground transportation operations at O'Hare International Airport  to Vargas Group,2012-07-24 19:00:00-05,2012-07-24 19:00:00-05,2012-07-24 19:00:00-05,,"","","",1,"","","","","",,,No,No,"","","","","","","","",,,,,,,,,,,138,74,69,,
32645,C2D3C63B-67C0-4682-9E1C-08C6F0F665F2,2014-06-03 13:07:08.393-05,AAAAAAFVN8I=,F2012-65,Bonds & Bond Issues,"Chicago O'Hare International Airport General Airport Senior Lien Revenue Refunding Bonds, Series 2012A, Series 2012B and Series 2012C",2012-10-02 19:00:00-05,2012-10-02 19:00:00-05,2012-10-02 19:00:00-05,,"","","",1,"","","","","",,,No,No,"","","","","","","","",,,,,,,,,,,138,74,69,,
32646,7398FC0C-C2DF-44BC-8C01-A314DE5A185F,2014-06-03 13:07:02.457-05,AAAAAAFVN8M=,F2012-66,Bonds & Bond Issues,"Chicago O'Hare International Airport Passenger Facility Charge Revenue Refunding Bonds, Series 2012A and Series 2012B",2012-10-02 19:00:00-05,2012-10-02 19:00:00-05,2012-10-02 19:00:00-05,,"","","",1,"","","","","",,,No,No,"","","","","","","","",,,,,,,,,,,138,74,69,,
33404,6ABB1F54-9C21-48DA-8491-C2797533C1AA,2014-06-03 13:03:38.16-05,AAAAAAFVOlM=,F2012-70,Special Service Area(s),Opposition to proposed reconstitution and expansion of Special Service Area No. 57 (formerly Special Service Area No. 29),2012-10-30 19:00:00-05,2012-10-30 19:00:00-05,2012-10-30 19:00:00-05,,"","","",1,"","","","","",,,No,No,"","","","","","","","",,,,,,,,,,,138,74,69,,
33426,D8F33C7B-A32A-4CB2-BF9E-81CBDE8F42BF,2014-06-03 13:02:49.043-05,AAAAAAFVOlc=,F2012-74,Special Service Area(s),"Opposition to proposed creation of Special Service Area No 59, 59th Street",2012-10-30 19:00:00-05,2012-10-30 19:00:00-05,2012-10-30 19:00:00-05,,"","","",1,"","","","","",,,No,No,"","","","","","","","",,,,,,,,,,,138,74,69,,
33477,375B39D1-9573-42DC-A716-88CFB59641C5,2014-06-03 13:02:41.303-05,AAAAAAFVOnc=,F2012-77,Airports,Application request regarding Passenger Facility Charge Program at Chicago O'Hare International Airport for O'Hare School Sound Insulation Program ,2012-10-30 19:00:00-05,2012-10-30 19:00:00-05,2012-10-30 19:00:00-05,,"","","",1,"","","","","",,,No,No,"","","","","","","","",,,,,,,,,,,138,74,69,,
33478,1D1649F1-6C3D-4242-AE3A-4BD820797E8A,2014-06-03 13:02:37.45-05,AAAAAAFVOng=,F2012-78,Bonds & Bond Issues,"Notification of sale of Variable Rate Demand Multi-Family Housing Revenue Bonds (Churchview Manor Senior Apartments), Series 2012",2012-10-30 19:00:00-05,2012-10-30 19:00:00-05,2012-10-30 19:00:00-05,,"","","",1,"","","","","",,,No,No,"","","","","","","","",,,,,,,,,,,138,74,69,,
37573,6EA32A32-43AB-4039-AA1A-E38A175DD199,2014-06-03 13:00:50.69-05,AAAAAAGd1cE=,F2013-11,Taxes/Tax Levies,"Notification and abatement of certain taxes levied for Year 2012 to pay principal of and interest on  $213,555,000 City of Chicago General Obligation Bonds, Taxable Project Series 2010B (Build America Bonds-Direct Payment)",2013-02-12 18:00:00-06,2013-02-12 18:00:00-06,2013-02-12 18:00:00-06,,"","","",1,"","","","","",,,No,No,"","","","","","","","",,,,,,,,,,,138,74,69,,
37574,FA8EC780-E81B-44F4-AF91-56017D6185B1,2014-06-03 13:00:40.933-05,AAAAAAGd1dQ=,F2013-12,Taxes/Tax Levies,"Notification and abatement of certain taxes levied for Year 2012 to pay principal of and interest on $356,005,000 City of Chicago General Obligation Bonds, Series 2007A -K (Modern Schools Across Chicago Program) and $150,115,000 City of Chicago General Obligation Bonds, Series 2010 (Modern Schools Across Chicago Program)",2013-02-12 18:00:00-06,2013-02-12 18:00:00-06,2013-02-12 18:00:00-06,,"","","",1,"","","","","",,,No,No,"","","","","","","","",,,,,,,,,,,138,74,69,,
37575,43702991-C403-42F7-93DB-18F6808D3AF1,2014-06-03 13:00:36.72-05,AAAAAAGd1fo=,F2013-13,Taxes/Tax Levies,"Notification and abatement of certain taxes levied for Year 2012 to pay principal of and interest on (i) $98,320,000 General Obligation Bonds, Taxable Project Series 2009C (Build America Bonds-Direct Payment) and (ii) $133,180,000 General Obligations Bonds, Taxable Project Series 2009D (Recovery Zone Economic Development Bonds-Direct Payment) of City of Chicago",2013-02-12 18:00:00-06,2013-02-12 18:00:00-06,2013-02-12 18:00:00-06,,"","","",1,"","","","","",,,No,No,"","","","","","","","",,,,,,,,,,,138,74,69,,
38666,C80393C9-66D2-4F45-8659-999C32AD5B22,2014-06-03 13:00:07.127-05,AAAAAAFVR+w=,F2013-21,Quarterly Report(s),Affordable Housing Plan 2009-2013 Quarterly Progress Report (2012 Q4) ,2013-03-12 19:00:00-05,2013-03-12 19:00:00-05,2013-03-12 19:00:00-05,,"","","",1,"","","","","",,,No,No,"","","","","","","","",,,,,,,,,,,138,74,69,,
39966,6C776DBB-FEF2-41E3-B11E-5A683C6016E9,2014-06-03 12:59:26.15-05,AAAAAAFVS7A=,F2013-24,Taxes/Tax Levies,"Notification of Tax Levy, General Obligation Bonds, Project and Refunding Series 2007C, General Obligation Bonds, Taxable Series 2007D, General Obligation Variable Rate Demand Bonds, Refunding Series 2007E, Series 2007F and Series 2007G ",2013-04-09 19:00:00-05,2013-04-09 19:00:00-05,2013-04-09 19:00:00-05,,"","","",1,"","","","","",,,No,No,"","","","","","","","",,,,,,,,,,,138,74,69,,
35796,EE5FCB64-1B39-4447-BF74-4D6DEA6E027B,2014-06-03 12:56:52.837-05,AAAAAAFVQbM=,F2013-5,"",Reappointment of Lois Scott as Trustee of Retirement Board of Laborers' and Retirement Board Employees' Annuity and Benefit Fund of Chicago,2013-01-16 18:00:00-06,2013-01-16 18:00:00-06,2013-01-16 18:00:00-06,,"","","",1,"","","","","",,,No,No,"","","","","","","","",,,,,,,,,,,138,74,69,,
45074,FC6A17F6-E1F8-46FD-B45B-5CB8F3846779,2014-06-03 12:56:11.093-05,AAAAAAFxOkc=,F2013-61,Bonds & Bond Issues,"Chicago O'Hare International Airport Customer Facility Charge Senior Lien Revenue Bonds, Series 2013",2013-09-10 19:00:00-05,2013-09-10 19:00:00-05,2013-09-10 19:00:00-05,,"","","",1,"","","","","",,,No,No,"","","","","","","","",,,,,,,,,,,138,74,69,,
46985,A475C5EA-990D-4056-9B94-F3B60AE27D1F,2014-06-03 12:52:32.93-05,AAAAAAGt5BQ=,F2013-70,"",Office of Inspector General's Interim Revised Rules and Regulations for conduct of Investigations,2013-10-15 19:00:00-05,2013-10-15 19:00:00-05,2013-10-15 19:00:00-05,,"","","",1,"","","","","",,,No,No,"","","","","","","","",,,,,,,,,,,138,74,69,,
57101,3D52AD8A-70CC-4BD1-BA9A-6633D9E94DC2,2014-06-03 12:47:36.67-05,AAAAAAFVeKU=,F2014-33,"",Notification of sale of Chicago Infrastructure Trust Retrofit One 2014 Series A Note,2014-04-29 19:00:00-05,2014-04-29 19:00:00-05,2014-04-29 19:00:00-05,,"","","",1,"","","","","",,,No,No,"","","","","","","","",,,,,,,,,,,138,74,69,,
50102,50963E3C-6872-4AC6-B7D0-33E4020319D0,2014-06-03 12:46:07.433-05,AAAAAAFVa7Q=,F2014-5,Finance Funds,"Funding Loan Notification of Multi-Family Mortgage Revenue Note, Series 2013 (Rosenwald Courts)",2014-01-14 18:00:00-06,2014-01-14 18:00:00-06,2014-01-14 18:00:00-06,,"","","",1,"","","","","",,,No,No,"","","","","","","","",,,,,,,,,,,138,74,69,,
50170,EE217F56-268A-43CB-8CB8-1050FF3206B9,2014-06-03 12:46:01.123-05,AAAAAAFVa84=,F2014-7,Historical Landmark Designation(s),Commission on Chicago Landmarks denial of sign permit application No. 100425032 and No. 100425037 at 2616-2618 N Milwaukee Ave (Logan Square Boulevards District),2014-01-14 18:00:00-06,2014-01-14 18:00:00-06,2014-01-14 18:00:00-06,,"","","",1,"","","","","",,,No,No,"","","","","","","","",,,,,,,,,,,138,74,69,,
56658,365B1B18-9A43-4A8E-B2FE-D34DF4BB18F2,2014-04-22 16:43:12.123-05,AAAAAAFVeI0=,F2014-29,"","Report on presentation by Department of Public Health and Chicago Public Schools entitled ""Partnership to Improve Children's Health""",2014-04-01 19:00:00-05,2014-04-01 19:00:00-05,2014-04-01 19:00:00-05,,"","","",1,17,"","","","",,,No,No,"","","","","","","","",,,,,,,,,,,138,74,69,,
12802,6B20DC05-CF92-476C-A2C4-F71988AC8F5E,2014-03-12 09:49:27.567-05,AAAAAAE92e4=,F2011-56,City Council - Resignation(s),Resignation of Alderman Frank Olivo (13th Ward),2011-05-03 19:00:00-05,2011-05-03 19:00:00-05,2011-05-03 19:00:00-05,,"","","",1,13,"","","","",,,No,No,"","","","","","","","",,,,,,,,,,,138,74,69,,
23424,96641426-B87B-4E33-BD2B-31A2AC365290,2014-02-07 17:19:29.32-06,AAAAAAFVHTU=,F2012-4,City Council - Special Meetings,"Call for Special City Counicil Meeting on January 19, 2012 regarding redistricting of city wards ",2012-01-18 18:00:00-06,2012-01-18 18:00:00-06,2012-01-18 18:00:00-06,,"","","",1,Mayor,"","","","",,,No,No,"","","","","","","","",,,,,,,,,,,138,74,69,,
34605,54B2CA37-ADEA-4DDC-AC25-183F9F798860,2013-11-29 09:57:47.35-06,AAAAAAFVPks=,F2012-86,"","Opposition to creation of Special Service Area No. 55, Mount Greenwood",2012-11-14 18:00:00-06,2012-11-14 18:00:00-06,2012-11-14 18:00:00-06,,"","","",1,"","","","","",,,No,No,"","","","","","","","",,,,,,,,,,,138,74,69,,
33425,E8741B1F-F0B4-477C-9476-53186D2B23EB,2013-11-29 09:56:14.03-06,AAAAAAFVOlY=,F2012-73,Special Service Area(s),"Opposition to proposed reconstitution and expansion of Special Service Area No. 57 (formerly Special Service Area No. 29) to include W Grand Ave, 1900-2000 block",2012-10-30 19:00:00-05,2012-10-30 19:00:00-05,2012-10-30 19:00:00-05,,"","","",1,"","","","","",,,No,No,"","","","","","","","",,,,,,,,,,,138,74,69,,
34145,1758981F-9136-432A-A011-AC864AB57565,2013-11-29 09:54:45.17-06,AAAAAAFVPMs=,F2012-82,"",Opposition to proposed reconstitution and expansion of Special Service Area No. 57 (formerly Special Service Area No. 29),2012-10-30 19:00:00-05,2012-10-30 19:00:00-05,2012-10-30 19:00:00-05,,"","","",1,"","","","","",,,No,No,"","","","","","","","",,,,,,,,,,,138,74,69,,
33476,C5F29B56-75ED-476D-B4DB-0C6A71C89405,2013-11-29 09:52:48.243-06,AAAAAAFVOnY=,F2012-76,Special Service Area(s),"Opposition to proposed creation of Special Service Area No. 57, West Town",2012-10-30 19:00:00-05,2012-10-30 19:00:00-05,2012-10-30 19:00:00-05,,"","","",1,"","","","","",,,No,No,"","","","","","","","",,,,,,,,,,,138,74,69,,
33479,ACF5B4D5-D259-45C7-8CAA-77FE8F777FE3,2013-11-29 09:50:34.83-06,AAAAAAFVOnk=,F2012-79,Special Service Area(s),"Opposition to proposed reconstitution and expansion of Special Service Area No. 57 (formerly Special Service Area No. 29) to include W Grand Ave, 1800-1900 block  ",2012-10-30 19:00:00-05,2012-10-30 19:00:00-05,2012-10-30 19:00:00-05,,"","","",1,"","","","","",,,No,No,"","","","","","","","",,,,,,,,,,,138,74,69,,
33519,E05F99C5-AB19-4FD6-B349-C47459FBC502,2013-11-29 09:48:14.863-06,AAAAAAFVOo4=,F2012-80,"","Opposition to proposed expansion of Special Service Area No. 28 (newly constituted Special Service Area No. 57) to include N Ashland Ave, 1000 and 1100 blocks",2012-10-30 19:00:00-05,2012-10-30 19:00:00-05,2012-10-30 19:00:00-05,,"","","",1,"","","","","",,,No,No,"","","","","","","","",,,,,,,,,,,138,74,69,,
22372,FF81EC61-1BE4-4264-9499-90F94D48787F,2013-11-21 10:44:40.79-06,AAAAAAFVGm4=,F2011-371,Municipal Code Amendment(s),"Amendment of Municipal Code Title 2, Chapter 8 concerning redistricting of City wards",2012-01-17 18:00:00-06,2012-01-17 18:00:00-06,2012-01-17 18:00:00-06,,"","","",1,03,"","","","",,,No,No,"","","","","","","","",,,,,,,,,,,138,74,69,,
5057,BC10F41B-4375-4E98-B73D-A50E288492A6,2013-09-16 14:14:47.853-05,AAAAAAFVB2E=,F2010-266,City Council - Resignation(s),Resignation of Alderman Thomas R. Allen (38th Ward),2010-12-07 18:00:00-06,2010-12-07 18:00:00-06,2010-12-07 18:00:00-06,,"","","",1,38,"","","","",,,No,No,"","","","","","","","",,,,,,,,,,,138,74,69,,
5055,D2A603B6-E89B-43C1-B919-D4AA57F1ECBE,2013-09-16 14:14:41.423-05,AAAAAAFVB2A=,F2010-265,City Council - Resignation(s),Resignation of Alderman Ed H. Smith (28th Ward),2010-12-07 18:00:00-06,2010-12-07 18:00:00-06,2010-12-07 18:00:00-06,,"","","",1,28,"","","","",,,No,No,"","","","","","","","",,,,,,,,,,,138,74,69,,
33359,1EBB5AAC-B3C4-4F1E-B0B3-B59E68E59679,2013-09-09 10:05:14.53-05,AAAAAAFVOkA=,F2012-68,City Council - Special Meetings,"Call for Special City Council Meeting on October 12, 2012 regarding Year 2013 Executive Budget; Mayor's Budget Message; Year XXXIX CDBG recommendations; publication of Executive Budget; and date, time and place of public hearing on Executive Budget",2012-10-09 19:00:00-05,2012-10-09 19:00:00-05,2012-10-09 19:00:00-05,,"","","",1,Mayor,"","","","",,,No,No,"","","","","","","","",,,,,,,,,,,138,74,69,,
19923,539C0779-4FC2-4540-A5C6-075B59C69E8F,2013-09-09 10:04:56.293-05,AAAAAAFVE7c=,F2011-347,City Council - Special Meetings,"Call for Special City Council Meeting on October 12, 2011 regarding Year 2012 Executive Budget; Mayor's Budget Message; Year XXXVIII CDBG recommendations; and other related documents",2011-10-11 19:00:00-05,2011-10-11 19:00:00-05,2011-10-11 19:00:00-05,,"","","",1,Mayor,"","","","",,,Yes,No,"","","","","","","","",,,,,,,,,,,138,74,69,,
42116,10D82CA1-3376-4E72-AFB4-644F88023B03,2013-08-02 15:05:03.113-05,AAAAAAFVUtk=,F2013-30,"",Communication from Committee on Education regarding status of hearing on proposed School Actions Report ,2013-05-07 19:00:00-05,2013-05-07 19:00:00-05,2013-05-07 19:00:00-05,,"","","",1,17,"","","","",,,No,No,"","","","","","","","",,,,,,,,,,,138,74,69,,
14650,96EBA115-34C6-476A-BDDF-D1D92E002CC9,2013-07-08 09:29:06.607-05,AAAAAAEJZnU=,F2011-132,Zoning Reclassification(s),Opposition to proposed rezoning of property at 650 N Oakley Ave,2011-06-07 19:00:00-05,2011-06-07 19:00:00-05,2011-06-07 19:00:00-05,,"","","",1,"","","","","",,,No,No,"","","","","","","","",,,,,,,,,,,138,74,69,,
42113,BD299264-481A-4439-9683-1A1842F469E3,2013-07-08 09:15:16.647-05,AAAAAAFVUtY=,F2013-29,"",Expression of opposition to proposed zoning amendment for property at 11103 S Michigan Ave (by Harold Elgazar),2013-05-07 19:00:00-05,2013-05-07 19:00:00-05,2013-05-07 19:00:00-05,,"","","",1,"","","","","",,,No,No,"","","","","","","","",,,,,,,,,,,138,74,69,,
13327,216559F5-9A3E-4556-9A5F-4A9A1148C319,2013-07-01 13:37:16.99-05,AAAAAAD+Uyo=,F2011-125,Proxies,"Designation of Lois Scott, Jamie L. Rhee and Stephen R. Patton as mayoral proxies ",2011-06-07 19:00:00-05,2011-06-07 19:00:00-05,2011-06-07 19:00:00-05,,"","","",1,Mayor,"","","","",,,Yes,No,"","","","","","","","",,,,,,,,,,,138,74,69,,
